flash,ram,text,code,rodata,data,bss,dec,hex,filename,filename
1194,0,1194,534,660,0,0,1194,`4aa,startup_cpu0.c.obj (ex armino/cmsis/libcmsis.a),armino/cmsis/libcmsis.a
728,4,728,352,376,0,4,732,`2dc,startup_cpu1.c.obj (ex armino/cmsis/libcmsis.a),armino/cmsis/libcmsis.a
256,0,256,256,0,0,0,256,`100,system_cpu0.c.obj (ex armino/cmsis/libcmsis.a),armino/cmsis/libcmsis.a
30,0,30,30,0,0,0,30,`1e,smp.c.obj (ex armino/cmsis/libcmsis.a),armino/cmsis/libcmsis.a
292,0,292,292,0,0,0,292,`124,system_cpu1.c.obj (ex armino/cmsis/libcmsis.a),armino/cmsis/libcmsis.a
2500,4,2500,1464,1036,0,4,2504,`9c8,armino/cmsis/libcmsis.a,armino/cmsis/libcmsis.a
3835,56,3799,3560,239,36,20,3855,`f0f,iperf.c.obj (ex armino/iperf/libiperf.a),armino/iperf/libiperf.a
3835,56,3799,3560,239,36,20,3855,`f0f,armino/iperf/libiperf.a,armino/iperf/libiperf.a
285,0,285,280,5,0,0,285,`11d,wlanif.c.obj (ex armino/lwip_intf_v2_1/liblwip_intf_v2_1.a),armino/lwip_intf_v2_1/liblwip_intf_v2_1.a
1718,259,1494,1332,162,224,35,1753,`6d9,net.c.obj (ex armino/lwip_intf_v2_1/liblwip_intf_v2_1.a),armino/lwip_intf_v2_1/liblwip_intf_v2_1.a
408,297,408,408,0,0,297,705,`2c1,netdb.c.obj (ex armino/lwip_intf_v2_1/liblwip_intf_v2_1.a),armino/lwip_intf_v2_1/liblwip_intf_v2_1.a
238,0,238,238,0,0,0,238,`ee,netifapi.c.obj (ex armino/lwip_intf_v2_1/liblwip_intf_v2_1.a),armino/lwip_intf_v2_1/liblwip_intf_v2_1.a
7124,648,7124,6992,132,0,648,7772,`1e5c,sockets.c.obj (ex armino/lwip_intf_v2_1/liblwip_intf_v2_1.a),armino/lwip_intf_v2_1/liblwip_intf_v2_1.a
467,16,467,460,7,0,16,483,`1e3,tcpip.c.obj (ex armino/lwip_intf_v2_1/liblwip_intf_v2_1.a),armino/lwip_intf_v2_1/liblwip_intf_v2_1.a
1403,18,1403,972,431,0,18,1421,`58d,ping.c.obj (ex armino/lwip_intf_v2_1/liblwip_intf_v2_1.a),armino/lwip_intf_v2_1/liblwip_intf_v2_1.a
70,0,70,70,0,0,0,70,`46,def.c.obj (ex armino/lwip_intf_v2_1/liblwip_intf_v2_1.a),armino/lwip_intf_v2_1/liblwip_intf_v2_1.a
2130,1162,2130,2120,10,0,1162,3292,`cdc,dns.c.obj (ex armino/lwip_intf_v2_1/liblwip_intf_v2_1.a),armino/lwip_intf_v2_1/liblwip_intf_v2_1.a
316,0,316,316,0,0,0,316,`13c,inet_chksum.c.obj (ex armino/lwip_intf_v2_1/liblwip_intf_v2_1.a),armino/lwip_intf_v2_1/liblwip_intf_v2_1.a
46,0,46,46,0,0,0,46,`2e,init.c.obj (ex armino/lwip_intf_v2_1/liblwip_intf_v2_1.a),armino/lwip_intf_v2_1/liblwip_intf_v2_1.a
5274,83,5274,4634,640,0,83,5357,`14ed,dhcp.c.obj (ex armino/lwip_intf_v2_1/liblwip_intf_v2_1.a),armino/lwip_intf_v2_1/liblwip_intf_v2_1.a
1879,253,1867,1848,19,12,241,2120,`848,etharp.c.obj (ex armino/lwip_intf_v2_1/liblwip_intf_v2_1.a),armino/lwip_intf_v2_1/liblwip_intf_v2_1.a
1993,8,1993,1422,571,0,8,2001,`7d1,igmp.c.obj (ex armino/lwip_intf_v2_1/liblwip_intf_v2_1.a),armino/lwip_intf_v2_1/liblwip_intf_v2_1.a
534,16,534,526,8,0,16,550,`226,ip4_addr.c.obj (ex armino/lwip_intf_v2_1/liblwip_intf_v2_1.a),armino/lwip_intf_v2_1/liblwip_intf_v2_1.a
1410,6,1410,1410,0,0,6,1416,`588,ip4.c.obj (ex armino/lwip_intf_v2_1/liblwip_intf_v2_1.a),armino/lwip_intf_v2_1/liblwip_intf_v2_1.a
1544,6,1544,1512,32,0,6,1550,`60e,ip4_frag.c.obj (ex armino/lwip_intf_v2_1/liblwip_intf_v2_1.a),armino/lwip_intf_v2_1/liblwip_intf_v2_1.a
466,0,466,442,24,0,0,466,`1d2,mem.c.obj (ex armino/lwip_intf_v2_1/liblwip_intf_v2_1.a),armino/lwip_intf_v2_1/liblwip_intf_v2_1.a
729,896,729,248,481,0,896,1625,`659,memp.c.obj (ex armino/lwip_intf_v2_1/liblwip_intf_v2_1.a),armino/lwip_intf_v2_1/liblwip_intf_v2_1.a
1467,93,1467,1280,187,0,93,1560,`618,netif.c.obj (ex armino/lwip_intf_v2_1/liblwip_intf_v2_1.a),armino/lwip_intf_v2_1/liblwip_intf_v2_1.a
1847,1,1847,1508,339,0,1,1848,`738,pbuf.c.obj (ex armino/lwip_intf_v2_1/liblwip_intf_v2_1.a),armino/lwip_intf_v2_1/liblwip_intf_v2_1.a
712,4,712,712,0,0,4,716,`2cc,raw.c.obj (ex armino/lwip_intf_v2_1/liblwip_intf_v2_1.a),armino/lwip_intf_v2_1/liblwip_intf_v2_1.a
24,572,24,20,4,0,572,596,`254,stats.c.obj (ex armino/lwip_intf_v2_1/liblwip_intf_v2_1.a),armino/lwip_intf_v2_1/liblwip_intf_v2_1.a
34,0,34,34,0,0,0,34,`22,sys.c.obj (ex armino/lwip_intf_v2_1/liblwip_intf_v2_1.a),armino/lwip_intf_v2_1/liblwip_intf_v2_1.a
4572,29,4566,4050,516,6,23,4595,`11f3,tcp.c.obj (ex armino/lwip_intf_v2_1/liblwip_intf_v2_1.a),armino/lwip_intf_v2_1/liblwip_intf_v2_1.a
4908,64,4908,4908,0,0,64,4972,`136c,tcp_in.c.obj (ex armino/lwip_intf_v2_1/liblwip_intf_v2_1.a),armino/lwip_intf_v2_1/liblwip_intf_v2_1.a
3085,0,3085,3008,77,0,0,3085,`c0d,tcp_out.c.obj (ex armino/lwip_intf_v2_1/liblwip_intf_v2_1.a),armino/lwip_intf_v2_1/liblwip_intf_v2_1.a
456,12,456,400,56,0,12,468,`1d4,timeouts.c.obj (ex armino/lwip_intf_v2_1/liblwip_intf_v2_1.a),armino/lwip_intf_v2_1/liblwip_intf_v2_1.a
2395,6,2393,1840,553,2,4,2399,`95f,udp.c.obj (ex armino/lwip_intf_v2_1/liblwip_intf_v2_1.a),armino/lwip_intf_v2_1/liblwip_intf_v2_1.a
304,0,304,292,12,0,0,304,`130,ethernet.c.obj (ex armino/lwip_intf_v2_1/liblwip_intf_v2_1.a),armino/lwip_intf_v2_1/liblwip_intf_v2_1.a
132,5,132,120,12,0,5,137,`89,dhcp-server-main.c.obj (ex armino/lwip_intf_v2_1/liblwip_intf_v2_1.a),armino/lwip_intf_v2_1/liblwip_intf_v2_1.a
728,8,728,688,40,0,8,736,`2e0,sys_arch.c.obj (ex armino/lwip_intf_v2_1/liblwip_intf_v2_1.a),armino/lwip_intf_v2_1/liblwip_intf_v2_1.a
2618,0,2618,1980,638,0,0,2618,`a3a,api_lib.c.obj (ex armino/lwip_intf_v2_1/liblwip_intf_v2_1.a),armino/lwip_intf_v2_1/liblwip_intf_v2_1.a
4164,0,4164,4122,42,0,0,4164,`1044,api_msg.c.obj (ex armino/lwip_intf_v2_1/liblwip_intf_v2_1.a),armino/lwip_intf_v2_1/liblwip_intf_v2_1.a
96,0,96,28,68,0,0,96,`60,err.c.obj (ex armino/lwip_intf_v2_1/liblwip_intf_v2_1.a),armino/lwip_intf_v2_1/liblwip_intf_v2_1.a
202,0,202,146,56,0,0,202,`ca,netbuf.c.obj (ex armino/lwip_intf_v2_1/liblwip_intf_v2_1.a),armino/lwip_intf_v2_1/liblwip_intf_v2_1.a
616,0,616,616,0,0,0,616,`268,icmp.c.obj (ex armino/lwip_intf_v2_1/liblwip_intf_v2_1.a),armino/lwip_intf_v2_1/liblwip_intf_v2_1.a
2694,232,2690,2568,122,4,228,2922,`b6a,dhcp-server.c.obj (ex armino/lwip_intf_v2_1/liblwip_intf_v2_1.a),armino/lwip_intf_v2_1/liblwip_intf_v2_1.a
0,24,0,0,0,0,24,24,`18,ip.c.obj (ex armino/lwip_intf_v2_1/liblwip_intf_v2_1.a),armino/lwip_intf_v2_1/liblwip_intf_v2_1.a
59088,4718,58840,53596,5244,248,4470,63558,`f846,armino/lwip_intf_v2_1/liblwip_intf_v2_1.a,armino/lwip_intf_v2_1/liblwip_intf_v2_1.a
1759,268,1755,1466,289,4,264,2023,`7e7,wdrv_cntrl.c.obj (ex armino/bk_wifi_driver/libbk_wifi_driver.a),armino/bk_wifi_driver/libbk_wifi_driver.a
1532,0,1532,1180,352,0,0,1532,`5fc,wdrv_tx.c.obj (ex armino/bk_wifi_driver/libbk_wifi_driver.a),armino/bk_wifi_driver/libbk_wifi_driver.a
678,0,678,542,136,0,0,678,`2a6,wdrv_rx.c.obj (ex armino/bk_wifi_driver/libbk_wifi_driver.a),armino/bk_wifi_driver/libbk_wifi_driver.a
92,0,92,92,0,0,0,92,`5c,wdrv_co_list.c.obj (ex armino/bk_wifi_driver/libbk_wifi_driver.a),armino/bk_wifi_driver/libbk_wifi_driver.a
286,0,286,140,146,0,0,286,`11e,wdrv_debug.c.obj (ex armino/bk_wifi_driver/libbk_wifi_driver.a),armino/bk_wifi_driver/libbk_wifi_driver.a
364,72,364,272,92,0,72,436,`1b4,wdrv_ipc.c.obj (ex armino/bk_wifi_driver/libbk_wifi_driver.a),armino/bk_wifi_driver/libbk_wifi_driver.a
1090,128,1086,736,350,4,124,1214,`4be,wdrv_main.c.obj (ex armino/bk_wifi_driver/libbk_wifi_driver.a),armino/bk_wifi_driver/libbk_wifi_driver.a
5801,468,5793,4428,1365,8,460,6261,`1875,armino/bk_wifi_driver/libbk_wifi_driver.a,armino/bk_wifi_driver/libbk_wifi_driver.a
5193,86,5193,3206,1987,0,86,5279,`149f,wifi_api.c.obj (ex armino/bk_wifi/libbk_wifi.a),armino/bk_wifi/libbk_wifi.a
221,0,221,176,45,0,0,221,`dd,wifi_api_ipc.c.obj (ex armino/bk_wifi/libbk_wifi.a),armino/bk_wifi/libbk_wifi.a
254,10,254,176,78,0,10,264,`108,phy_client.c.obj (ex armino/bk_wifi/libbk_wifi.a),armino/bk_wifi/libbk_wifi.a
99,4,99,76,23,0,4,103,`67,phy_notify.c.obj (ex armino/bk_wifi/libbk_wifi.a),armino/bk_wifi/libbk_wifi.a
5767,100,5767,3634,2133,0,100,5867,`16eb,armino/bk_wifi/libbk_wifi.a,armino/bk_wifi/libbk_wifi.a
888,0,888,888,0,0,0,888,`378,_arm_addsubdf3.o (ex /opt/gcc-arm-none-eabi-10.3-2021.10/bin/../lib/gcc/arm-none-eabi/10.3.1/thumb/v8-m.main+fp/hard/libgcc.a),/opt/gcc-arm-none-eabi-10.3-2021.10/bin/../lib/gcc/arm-none-eabi/10.3.1/thumb/v8-m.main+fp/hard/libgcc.a
1060,0,1060,1060,0,0,0,1060,`424,_arm_muldivdf3.o (ex /opt/gcc-arm-none-eabi-10.3-2021.10/bin/../lib/gcc/arm-none-eabi/10.3.1/thumb/v8-m.main+fp/hard/libgcc.a),/opt/gcc-arm-none-eabi-10.3-2021.10/bin/../lib/gcc/arm-none-eabi/10.3.1/thumb/v8-m.main+fp/hard/libgcc.a
272,0,272,272,0,0,0,272,`110,_arm_cmpdf2.o (ex /opt/gcc-arm-none-eabi-10.3-2021.10/bin/../lib/gcc/arm-none-eabi/10.3.1/thumb/v8-m.main+fp/hard/libgcc.a),/opt/gcc-arm-none-eabi-10.3-2021.10/bin/../lib/gcc/arm-none-eabi/10.3.1/thumb/v8-m.main+fp/hard/libgcc.a
160,0,160,160,0,0,0,160,`a0,_arm_truncdfsf2.o (ex /opt/gcc-arm-none-eabi-10.3-2021.10/bin/../lib/gcc/arm-none-eabi/10.3.1/thumb/v8-m.main+fp/hard/libgcc.a),/opt/gcc-arm-none-eabi-10.3-2021.10/bin/../lib/gcc/arm-none-eabi/10.3.1/thumb/v8-m.main+fp/hard/libgcc.a
160,0,160,160,0,0,0,160,`a0,_aeabi_ldivmod.o (ex /opt/gcc-arm-none-eabi-10.3-2021.10/bin/../lib/gcc/arm-none-eabi/10.3.1/thumb/v8-m.main+fp/hard/libgcc.a),/opt/gcc-arm-none-eabi-10.3-2021.10/bin/../lib/gcc/arm-none-eabi/10.3.1/thumb/v8-m.main+fp/hard/libgcc.a
48,0,48,48,0,0,0,48,`30,_aeabi_uldivmod.o (ex /opt/gcc-arm-none-eabi-10.3-2021.10/bin/../lib/gcc/arm-none-eabi/10.3.1/thumb/v8-m.main+fp/hard/libgcc.a),/opt/gcc-arm-none-eabi-10.3-2021.10/bin/../lib/gcc/arm-none-eabi/10.3.1/thumb/v8-m.main+fp/hard/libgcc.a
60,0,60,60,0,0,0,60,`3c,_fixunsdfdi.o (ex /opt/gcc-arm-none-eabi-10.3-2021.10/bin/../lib/gcc/arm-none-eabi/10.3.1/thumb/v8-m.main+fp/hard/libgcc.a),/opt/gcc-arm-none-eabi-10.3-2021.10/bin/../lib/gcc/arm-none-eabi/10.3.1/thumb/v8-m.main+fp/hard/libgcc.a
748,0,748,748,0,0,0,748,`2ec,_udivmoddi4.o (ex /opt/gcc-arm-none-eabi-10.3-2021.10/bin/../lib/gcc/arm-none-eabi/10.3.1/thumb/v8-m.main+fp/hard/libgcc.a),/opt/gcc-arm-none-eabi-10.3-2021.10/bin/../lib/gcc/arm-none-eabi/10.3.1/thumb/v8-m.main+fp/hard/libgcc.a
4,0,4,4,0,0,0,4,`4,_dvmd_tls.o (ex /opt/gcc-arm-none-eabi-10.3-2021.10/bin/../lib/gcc/arm-none-eabi/10.3.1/thumb/v8-m.main+fp/hard/libgcc.a),/opt/gcc-arm-none-eabi-10.3-2021.10/bin/../lib/gcc/arm-none-eabi/10.3.1/thumb/v8-m.main+fp/hard/libgcc.a
64,0,64,64,0,0,0,64,`40,_arm_fixunsdfsi.o (ex /opt/gcc-arm-none-eabi-10.3-2021.10/bin/../lib/gcc/arm-none-eabi/10.3.1/thumb/v8-m.main+fp/hard/libgcc.a),/opt/gcc-arm-none-eabi-10.3-2021.10/bin/../lib/gcc/arm-none-eabi/10.3.1/thumb/v8-m.main+fp/hard/libgcc.a
3464,0,3464,3464,0,0,0,3464,`d88,/opt/gcc-arm-none-eabi-10.3-2021.10/bin/../lib/gcc/arm-none-eabi/10.3.1/thumb/v8-m.main+fp/hard/libgcc.a,/opt/gcc-arm-none-eabi-10.3-2021.10/bin/../lib/gcc/arm-none-eabi/10.3.1/thumb/v8-m.main+fp/hard/libgcc.a
236,0,236,236,0,0,0,236,`ec,lib_a-memcpy.o (ex /opt/gcc-arm-none-eabi-10.3-2021.10/bin/../lib/gcc/arm-none-eabi/10.3.1/../../../../arm-none-eabi/lib/thumb/v8-m.main+fp/hard/libc.a),/opt/gcc-arm-none-eabi-10.3-2021.10/bin/../lib/gcc/arm-none-eabi/10.3.1/../../../../arm-none-eabi/lib/thumb/v8-m.main+fp/hard/libc.a
444,0,444,444,0,0,0,444,`1bc,lib_a-strcmp.o (ex /opt/gcc-arm-none-eabi-10.3-2021.10/bin/../lib/gcc/arm-none-eabi/10.3.1/../../../../arm-none-eabi/lib/thumb/v8-m.main+fp/hard/libc.a),/opt/gcc-arm-none-eabi-10.3-2021.10/bin/../lib/gcc/arm-none-eabi/10.3.1/../../../../arm-none-eabi/lib/thumb/v8-m.main+fp/hard/libc.a
8,0,8,8,0,0,0,8,`8,lib_a-atoi.o (ex /opt/gcc-arm-none-eabi-10.3-2021.10/bin/../lib/gcc/arm-none-eabi/10.3.1/../../../../arm-none-eabi/lib/thumb/v8-m.main+fp/hard/libc.a),/opt/gcc-arm-none-eabi-10.3-2021.10/bin/../lib/gcc/arm-none-eabi/10.3.1/../../../../arm-none-eabi/lib/thumb/v8-m.main+fp/hard/libc.a
12,0,12,12,0,0,0,12,`c,lib_a-errno.o (ex /opt/gcc-arm-none-eabi-10.3-2021.10/bin/../lib/gcc/arm-none-eabi/10.3.1/../../../../arm-none-eabi/lib/thumb/v8-m.main+fp/hard/libc.a),/opt/gcc-arm-none-eabi-10.3-2021.10/bin/../lib/gcc/arm-none-eabi/10.3.1/../../../../arm-none-eabi/lib/thumb/v8-m.main+fp/hard/libc.a
592,0,592,592,0,0,0,592,`250,lib_a-lcltime_r.o (ex /opt/gcc-arm-none-eabi-10.3-2021.10/bin/../lib/gcc/arm-none-eabi/10.3.1/../../../../arm-none-eabi/lib/thumb/v8-m.main+fp/hard/libc.a),/opt/gcc-arm-none-eabi-10.3-2021.10/bin/../lib/gcc/arm-none-eabi/10.3.1/../../../../arm-none-eabi/lib/thumb/v8-m.main+fp/hard/libc.a
96,0,96,96,0,0,0,96,`60,lib_a-memcmp.o (ex /opt/gcc-arm-none-eabi-10.3-2021.10/bin/../lib/gcc/arm-none-eabi/10.3.1/../../../../arm-none-eabi/lib/thumb/v8-m.main+fp/hard/libc.a),/opt/gcc-arm-none-eabi-10.3-2021.10/bin/../lib/gcc/arm-none-eabi/10.3.1/../../../../arm-none-eabi/lib/thumb/v8-m.main+fp/hard/libc.a
248,0,248,248,0,0,0,248,`f8,lib_a-memmove.o (ex /opt/gcc-arm-none-eabi-10.3-2021.10/bin/../lib/gcc/arm-none-eabi/10.3.1/../../../../arm-none-eabi/lib/thumb/v8-m.main+fp/hard/libc.a),/opt/gcc-arm-none-eabi-10.3-2021.10/bin/../lib/gcc/arm-none-eabi/10.3.1/../../../../arm-none-eabi/lib/thumb/v8-m.main+fp/hard/libc.a
164,0,164,164,0,0,0,164,`a4,lib_a-memset.o (ex /opt/gcc-arm-none-eabi-10.3-2021.10/bin/../lib/gcc/arm-none-eabi/10.3.1/../../../../arm-none-eabi/lib/thumb/v8-m.main+fp/hard/libc.a),/opt/gcc-arm-none-eabi-10.3-2021.10/bin/../lib/gcc/arm-none-eabi/10.3.1/../../../../arm-none-eabi/lib/thumb/v8-m.main+fp/hard/libc.a
1580,0,1580,1580,0,0,0,1580,`62c,lib_a-qsort.o (ex /opt/gcc-arm-none-eabi-10.3-2021.10/bin/../lib/gcc/arm-none-eabi/10.3.1/../../../../arm-none-eabi/lib/thumb/v8-m.main+fp/hard/libc.a),/opt/gcc-arm-none-eabi-10.3-2021.10/bin/../lib/gcc/arm-none-eabi/10.3.1/../../../../arm-none-eabi/lib/thumb/v8-m.main+fp/hard/libc.a
76,0,76,76,0,0,0,76,`4c,lib_a-rand.o (ex /opt/gcc-arm-none-eabi-10.3-2021.10/bin/../lib/gcc/arm-none-eabi/10.3.1/../../../../arm-none-eabi/lib/thumb/v8-m.main+fp/hard/libc.a),/opt/gcc-arm-none-eabi-10.3-2021.10/bin/../lib/gcc/arm-none-eabi/10.3.1/../../../../arm-none-eabi/lib/thumb/v8-m.main+fp/hard/libc.a
76,0,76,76,0,0,0,76,`4c,lib_a-strcasecmp.o (ex /opt/gcc-arm-none-eabi-10.3-2021.10/bin/../lib/gcc/arm-none-eabi/10.3.1/../../../../arm-none-eabi/lib/thumb/v8-m.main+fp/hard/libc.a),/opt/gcc-arm-none-eabi-10.3-2021.10/bin/../lib/gcc/arm-none-eabi/10.3.1/../../../../arm-none-eabi/lib/thumb/v8-m.main+fp/hard/libc.a
64,0,64,64,0,0,0,64,`40,lib_a-strcat.o (ex /opt/gcc-arm-none-eabi-10.3-2021.10/bin/../lib/gcc/arm-none-eabi/10.3.1/../../../../arm-none-eabi/lib/thumb/v8-m.main+fp/hard/libc.a),/opt/gcc-arm-none-eabi-10.3-2021.10/bin/../lib/gcc/arm-none-eabi/10.3.1/../../../../arm-none-eabi/lib/thumb/v8-m.main+fp/hard/libc.a
204,0,204,204,0,0,0,204,`cc,lib_a-strchr.o (ex /opt/gcc-arm-none-eabi-10.3-2021.10/bin/../lib/gcc/arm-none-eabi/10.3.1/../../../../arm-none-eabi/lib/thumb/v8-m.main+fp/hard/libc.a),/opt/gcc-arm-none-eabi-10.3-2021.10/bin/../lib/gcc/arm-none-eabi/10.3.1/../../../../arm-none-eabi/lib/thumb/v8-m.main+fp/hard/libc.a
188,0,188,188,0,0,0,188,`bc,lib_a-strcpy.o (ex /opt/gcc-arm-none-eabi-10.3-2021.10/bin/../lib/gcc/arm-none-eabi/10.3.1/../../../../arm-none-eabi/lib/thumb/v8-m.main+fp/hard/libc.a),/opt/gcc-arm-none-eabi-10.3-2021.10/bin/../lib/gcc/arm-none-eabi/10.3.1/../../../../arm-none-eabi/lib/thumb/v8-m.main+fp/hard/libc.a
16,0,16,16,0,0,0,16,`10,lib_a-strdup.o (ex /opt/gcc-arm-none-eabi-10.3-2021.10/bin/../lib/gcc/arm-none-eabi/10.3.1/../../../../arm-none-eabi/lib/thumb/v8-m.main+fp/hard/libc.a),/opt/gcc-arm-none-eabi-10.3-2021.10/bin/../lib/gcc/arm-none-eabi/10.3.1/../../../../arm-none-eabi/lib/thumb/v8-m.main+fp/hard/libc.a
40,0,40,40,0,0,0,40,`28,lib_a-strdup_r.o (ex /opt/gcc-arm-none-eabi-10.3-2021.10/bin/../lib/gcc/arm-none-eabi/10.3.1/../../../../arm-none-eabi/lib/thumb/v8-m.main+fp/hard/libc.a),/opt/gcc-arm-none-eabi-10.3-2021.10/bin/../lib/gcc/arm-none-eabi/10.3.1/../../../../arm-none-eabi/lib/thumb/v8-m.main+fp/hard/libc.a
92,0,92,92,0,0,0,92,`5c,lib_a-strlen-stub.o (ex /opt/gcc-arm-none-eabi-10.3-2021.10/bin/../lib/gcc/arm-none-eabi/10.3.1/../../../../arm-none-eabi/lib/thumb/v8-m.main+fp/hard/libc.a),/opt/gcc-arm-none-eabi-10.3-2021.10/bin/../lib/gcc/arm-none-eabi/10.3.1/../../../../arm-none-eabi/lib/thumb/v8-m.main+fp/hard/libc.a
88,0,88,88,0,0,0,88,`58,lib_a-strncasecmp.o (ex /opt/gcc-arm-none-eabi-10.3-2021.10/bin/../lib/gcc/arm-none-eabi/10.3.1/../../../../arm-none-eabi/lib/thumb/v8-m.main+fp/hard/libc.a),/opt/gcc-arm-none-eabi-10.3-2021.10/bin/../lib/gcc/arm-none-eabi/10.3.1/../../../../arm-none-eabi/lib/thumb/v8-m.main+fp/hard/libc.a
120,0,120,120,0,0,0,120,`78,lib_a-strncmp.o (ex /opt/gcc-arm-none-eabi-10.3-2021.10/bin/../lib/gcc/arm-none-eabi/10.3.1/../../../../arm-none-eabi/lib/thumb/v8-m.main+fp/hard/libc.a),/opt/gcc-arm-none-eabi-10.3-2021.10/bin/../lib/gcc/arm-none-eabi/10.3.1/../../../../arm-none-eabi/lib/thumb/v8-m.main+fp/hard/libc.a
100,0,100,100,0,0,0,100,`64,lib_a-strncpy.o (ex /opt/gcc-arm-none-eabi-10.3-2021.10/bin/../lib/gcc/arm-none-eabi/10.3.1/../../../../arm-none-eabi/lib/thumb/v8-m.main+fp/hard/libc.a),/opt/gcc-arm-none-eabi-10.3-2021.10/bin/../lib/gcc/arm-none-eabi/10.3.1/../../../../arm-none-eabi/lib/thumb/v8-m.main+fp/hard/libc.a
1080,0,1080,1080,0,0,0,1080,`438,lib_a-strstr.o (ex /opt/gcc-arm-none-eabi-10.3-2021.10/bin/../lib/gcc/arm-none-eabi/10.3.1/../../../../arm-none-eabi/lib/thumb/v8-m.main+fp/hard/libc.a),/opt/gcc-arm-none-eabi-10.3-2021.10/bin/../lib/gcc/arm-none-eabi/10.3.1/../../../../arm-none-eabi/lib/thumb/v8-m.main+fp/hard/libc.a
332,0,332,332,0,0,0,332,`14c,lib_a-strtol.o (ex /opt/gcc-arm-none-eabi-10.3-2021.10/bin/../lib/gcc/arm-none-eabi/10.3.1/../../../../arm-none-eabi/lib/thumb/v8-m.main+fp/hard/libc.a),/opt/gcc-arm-none-eabi-10.3-2021.10/bin/../lib/gcc/arm-none-eabi/10.3.1/../../../../arm-none-eabi/lib/thumb/v8-m.main+fp/hard/libc.a
304,0,304,304,0,0,0,304,`130,lib_a-strtoul.o (ex /opt/gcc-arm-none-eabi-10.3-2021.10/bin/../lib/gcc/arm-none-eabi/10.3.1/../../../../arm-none-eabi/lib/thumb/v8-m.main+fp/hard/libc.a),/opt/gcc-arm-none-eabi-10.3-2021.10/bin/../lib/gcc/arm-none-eabi/10.3.1/../../../../arm-none-eabi/lib/thumb/v8-m.main+fp/hard/libc.a
16,0,16,16,0,0,0,16,`10,lib_a-sysgettod.o (ex /opt/gcc-arm-none-eabi-10.3-2021.10/bin/../lib/gcc/arm-none-eabi/10.3.1/../../../../arm-none-eabi/lib/thumb/v8-m.main+fp/hard/libc.a),/opt/gcc-arm-none-eabi-10.3-2021.10/bin/../lib/gcc/arm-none-eabi/10.3.1/../../../../arm-none-eabi/lib/thumb/v8-m.main+fp/hard/libc.a
420,0,420,420,0,0,0,420,`1a4,lib_a-tzcalc_limits.o (ex /opt/gcc-arm-none-eabi-10.3-2021.10/bin/../lib/gcc/arm-none-eabi/10.3.1/../../../../arm-none-eabi/lib/thumb/v8-m.main+fp/hard/libc.a),/opt/gcc-arm-none-eabi-10.3-2021.10/bin/../lib/gcc/arm-none-eabi/10.3.1/../../../../arm-none-eabi/lib/thumb/v8-m.main+fp/hard/libc.a
24,0,24,24,0,0,0,24,`18,lib_a-tzlock.o (ex /opt/gcc-arm-none-eabi-10.3-2021.10/bin/../lib/gcc/arm-none-eabi/10.3.1/../../../../arm-none-eabi/lib/thumb/v8-m.main+fp/hard/libc.a),/opt/gcc-arm-none-eabi-10.3-2021.10/bin/../lib/gcc/arm-none-eabi/10.3.1/../../../../arm-none-eabi/lib/thumb/v8-m.main+fp/hard/libc.a
12,0,12,12,0,0,0,12,`c,lib_a-tzset.o (ex /opt/gcc-arm-none-eabi-10.3-2021.10/bin/../lib/gcc/arm-none-eabi/10.3.1/../../../../arm-none-eabi/lib/thumb/v8-m.main+fp/hard/libc.a),/opt/gcc-arm-none-eabi-10.3-2021.10/bin/../lib/gcc/arm-none-eabi/10.3.1/../../../../arm-none-eabi/lib/thumb/v8-m.main+fp/hard/libc.a
887,26,887,804,83,0,26,913,`391,lib_a-tzset_r.o (ex /opt/gcc-arm-none-eabi-10.3-2021.10/bin/../lib/gcc/arm-none-eabi/10.3.1/../../../../arm-none-eabi/lib/thumb/v8-m.main+fp/hard/libc.a),/opt/gcc-arm-none-eabi-10.3-2021.10/bin/../lib/gcc/arm-none-eabi/10.3.1/../../../../arm-none-eabi/lib/thumb/v8-m.main+fp/hard/libc.a
148,0,148,148,0,0,0,148,`94,lib_a-getenv_r.o (ex /opt/gcc-arm-none-eabi-10.3-2021.10/bin/../lib/gcc/arm-none-eabi/10.3.1/../../../../arm-none-eabi/lib/thumb/v8-m.main+fp/hard/libc.a),/opt/gcc-arm-none-eabi-10.3-2021.10/bin/../lib/gcc/arm-none-eabi/10.3.1/../../../../arm-none-eabi/lib/thumb/v8-m.main+fp/hard/libc.a
44,0,44,44,0,0,0,44,`2c,lib_a-gettimeofdayr.o (ex /opt/gcc-arm-none-eabi-10.3-2021.10/bin/../lib/gcc/arm-none-eabi/10.3.1/../../../../arm-none-eabi/lib/thumb/v8-m.main+fp/hard/libc.a),/opt/gcc-arm-none-eabi-10.3-2021.10/bin/../lib/gcc/arm-none-eabi/10.3.1/../../../../arm-none-eabi/lib/thumb/v8-m.main+fp/hard/libc.a
96,88,8,8,0,88,0,96,`60,lib_a-gettzinfo.o (ex /opt/gcc-arm-none-eabi-10.3-2021.10/bin/../lib/gcc/arm-none-eabi/10.3.1/../../../../arm-none-eabi/lib/thumb/v8-m.main+fp/hard/libc.a),/opt/gcc-arm-none-eabi-10.3-2021.10/bin/../lib/gcc/arm-none-eabi/10.3.1/../../../../arm-none-eabi/lib/thumb/v8-m.main+fp/hard/libc.a
464,0,464,464,0,0,0,464,`1d0,lib_a-gmtime_r.o (ex /opt/gcc-arm-none-eabi-10.3-2021.10/bin/../lib/gcc/arm-none-eabi/10.3.1/../../../../arm-none-eabi/lib/thumb/v8-m.main+fp/hard/libc.a),/opt/gcc-arm-none-eabi-10.3-2021.10/bin/../lib/gcc/arm-none-eabi/10.3.1/../../../../arm-none-eabi/lib/thumb/v8-m.main+fp/hard/libc.a
16,2,16,16,0,0,2,18,`12,lib_a-lock.o (ex /opt/gcc-arm-none-eabi-10.3-2021.10/bin/../lib/gcc/arm-none-eabi/10.3.1/../../../../arm-none-eabi/lib/thumb/v8-m.main+fp/hard/libc.a),/opt/gcc-arm-none-eabi-10.3-2021.10/bin/../lib/gcc/arm-none-eabi/10.3.1/../../../../arm-none-eabi/lib/thumb/v8-m.main+fp/hard/libc.a
88,0,88,88,0,0,0,88,`58,lib_a-siscanf.o (ex /opt/gcc-arm-none-eabi-10.3-2021.10/bin/../lib/gcc/arm-none-eabi/10.3.1/../../../../arm-none-eabi/lib/thumb/v8-m.main+fp/hard/libc.a),/opt/gcc-arm-none-eabi-10.3-2021.10/bin/../lib/gcc/arm-none-eabi/10.3.1/../../../../arm-none-eabi/lib/thumb/v8-m.main+fp/hard/libc.a
4,0,4,4,0,0,0,4,`4,lib_a-stdio.o (ex /opt/gcc-arm-none-eabi-10.3-2021.10/bin/../lib/gcc/arm-none-eabi/10.3.1/../../../../arm-none-eabi/lib/thumb/v8-m.main+fp/hard/libc.a),/opt/gcc-arm-none-eabi-10.3-2021.10/bin/../lib/gcc/arm-none-eabi/10.3.1/../../../../arm-none-eabi/lib/thumb/v8-m.main+fp/hard/libc.a
36,0,36,36,0,0,0,36,`24,lib_a-strnlen.o (ex /opt/gcc-arm-none-eabi-10.3-2021.10/bin/../lib/gcc/arm-none-eabi/10.3.1/../../../../arm-none-eabi/lib/thumb/v8-m.main+fp/hard/libc.a),/opt/gcc-arm-none-eabi-10.3-2021.10/bin/../lib/gcc/arm-none-eabi/10.3.1/../../../../arm-none-eabi/lib/thumb/v8-m.main+fp/hard/libc.a
5962,0,5962,5928,34,0,0,5962,`174a,lib_a-svfiscanf.o (ex /opt/gcc-arm-none-eabi-10.3-2021.10/bin/../lib/gcc/arm-none-eabi/10.3.1/../../../../arm-none-eabi/lib/thumb/v8-m.main+fp/hard/libc.a),/opt/gcc-arm-none-eabi-10.3-2021.10/bin/../lib/gcc/arm-none-eabi/10.3.1/../../../../arm-none-eabi/lib/thumb/v8-m.main+fp/hard/libc.a
120,0,120,120,0,0,0,120,`78,lib_a-ungetc.o (ex /opt/gcc-arm-none-eabi-10.3-2021.10/bin/../lib/gcc/arm-none-eabi/10.3.1/../../../../arm-none-eabi/lib/thumb/v8-m.main+fp/hard/libc.a),/opt/gcc-arm-none-eabi-10.3-2021.10/bin/../lib/gcc/arm-none-eabi/10.3.1/../../../../arm-none-eabi/lib/thumb/v8-m.main+fp/hard/libc.a
24,0,24,24,0,0,0,24,`18,lib_a-envlock.o (ex /opt/gcc-arm-none-eabi-10.3-2021.10/bin/../lib/gcc/arm-none-eabi/10.3.1/../../../../arm-none-eabi/lib/thumb/v8-m.main+fp/hard/libc.a),/opt/gcc-arm-none-eabi-10.3-2021.10/bin/../lib/gcc/arm-none-eabi/10.3.1/../../../../arm-none-eabi/lib/thumb/v8-m.main+fp/hard/libc.a
8,0,8,8,0,0,0,8,`8,lib_a-iswspace.o (ex /opt/gcc-arm-none-eabi-10.3-2021.10/bin/../lib/gcc/arm-none-eabi/10.3.1/../../../../arm-none-eabi/lib/thumb/v8-m.main+fp/hard/libc.a),/opt/gcc-arm-none-eabi-10.3-2021.10/bin/../lib/gcc/arm-none-eabi/10.3.1/../../../../arm-none-eabi/lib/thumb/v8-m.main+fp/hard/libc.a
24,0,24,24,0,0,0,24,`18,lib_a-iswspace_l.o (ex /opt/gcc-arm-none-eabi-10.3-2021.10/bin/../lib/gcc/arm-none-eabi/10.3.1/../../../../arm-none-eabi/lib/thumb/v8-m.main+fp/hard/libc.a),/opt/gcc-arm-none-eabi-10.3-2021.10/bin/../lib/gcc/arm-none-eabi/10.3.1/../../../../arm-none-eabi/lib/thumb/v8-m.main+fp/hard/libc.a
391,364,27,12,15,364,0,391,`187,lib_a-locale.o (ex /opt/gcc-arm-none-eabi-10.3-2021.10/bin/../lib/gcc/arm-none-eabi/10.3.1/../../../../arm-none-eabi/lib/thumb/v8-m.main+fp/hard/libc.a),/opt/gcc-arm-none-eabi-10.3-2021.10/bin/../lib/gcc/arm-none-eabi/10.3.1/../../../../arm-none-eabi/lib/thumb/v8-m.main+fp/hard/libc.a
69,0,69,68,1,0,0,69,`45,lib_a-mbrtowc.o (ex /opt/gcc-arm-none-eabi-10.3-2021.10/bin/../lib/gcc/arm-none-eabi/10.3.1/../../../../arm-none-eabi/lib/thumb/v8-m.main+fp/hard/libc.a),/opt/gcc-arm-none-eabi-10.3-2021.10/bin/../lib/gcc/arm-none-eabi/10.3.1/../../../../arm-none-eabi/lib/thumb/v8-m.main+fp/hard/libc.a
44,0,44,44,0,0,0,44,`2c,lib_a-mbtowc_r.o (ex /opt/gcc-arm-none-eabi-10.3-2021.10/bin/../lib/gcc/arm-none-eabi/10.3.1/../../../../arm-none-eabi/lib/thumb/v8-m.main+fp/hard/libc.a),/opt/gcc-arm-none-eabi-10.3-2021.10/bin/../lib/gcc/arm-none-eabi/10.3.1/../../../../arm-none-eabi/lib/thumb/v8-m.main+fp/hard/libc.a
144,0,144,144,0,0,0,144,`90,lib_a-sccl.o (ex /opt/gcc-arm-none-eabi-10.3-2021.10/bin/../lib/gcc/arm-none-eabi/10.3.1/../../../../arm-none-eabi/lib/thumb/v8-m.main+fp/hard/libc.a),/opt/gcc-arm-none-eabi-10.3-2021.10/bin/../lib/gcc/arm-none-eabi/10.3.1/../../../../arm-none-eabi/lib/thumb/v8-m.main+fp/hard/libc.a
352,0,352,352,0,0,0,352,`160,lib_a-strtoll.o (ex /opt/gcc-arm-none-eabi-10.3-2021.10/bin/../lib/gcc/arm-none-eabi/10.3.1/../../../../arm-none-eabi/lib/thumb/v8-m.main+fp/hard/libc.a),/opt/gcc-arm-none-eabi-10.3-2021.10/bin/../lib/gcc/arm-none-eabi/10.3.1/../../../../arm-none-eabi/lib/thumb/v8-m.main+fp/hard/libc.a
380,0,380,380,0,0,0,380,`17c,lib_a-strtoull.o (ex /opt/gcc-arm-none-eabi-10.3-2021.10/bin/../lib/gcc/arm-none-eabi/10.3.1/../../../../arm-none-eabi/lib/thumb/v8-m.main+fp/hard/libc.a),/opt/gcc-arm-none-eabi-10.3-2021.10/bin/../lib/gcc/arm-none-eabi/10.3.1/../../../../arm-none-eabi/lib/thumb/v8-m.main+fp/hard/libc.a
28,0,28,28,0,0,0,28,`1c,lib_a-wctomb_r.o (ex /opt/gcc-arm-none-eabi-10.3-2021.10/bin/../lib/gcc/arm-none-eabi/10.3.1/../../../../arm-none-eabi/lib/thumb/v8-m.main+fp/hard/libc.a),/opt/gcc-arm-none-eabi-10.3-2021.10/bin/../lib/gcc/arm-none-eabi/10.3.1/../../../../arm-none-eabi/lib/thumb/v8-m.main+fp/hard/libc.a
257,0,257,0,257,0,0,257,`101,lib_a-ctype_.o (ex /opt/gcc-arm-none-eabi-10.3-2021.10/bin/../lib/gcc/arm-none-eabi/10.3.1/../../../../arm-none-eabi/lib/thumb/v8-m.main+fp/hard/libc.a),/opt/gcc-arm-none-eabi-10.3-2021.10/bin/../lib/gcc/arm-none-eabi/10.3.1/../../../../arm-none-eabi/lib/thumb/v8-m.main+fp/hard/libc.a
96,0,96,0,96,0,0,96,`60,lib_a-month_lengths.o (ex /opt/gcc-arm-none-eabi-10.3-2021.10/bin/../lib/gcc/arm-none-eabi/10.3.1/../../../../arm-none-eabi/lib/thumb/v8-m.main+fp/hard/libc.a),/opt/gcc-arm-none-eabi-10.3-2021.10/bin/../lib/gcc/arm-none-eabi/10.3.1/../../../../arm-none-eabi/lib/thumb/v8-m.main+fp/hard/libc.a
12,16,4,0,4,8,8,20,`14,lib_a-tzvars.o (ex /opt/gcc-arm-none-eabi-10.3-2021.10/bin/../lib/gcc/arm-none-eabi/10.3.1/../../../../arm-none-eabi/lib/thumb/v8-m.main+fp/hard/libc.a),/opt/gcc-arm-none-eabi-10.3-2021.10/bin/../lib/gcc/arm-none-eabi/10.3.1/../../../../arm-none-eabi/lib/thumb/v8-m.main+fp/hard/libc.a
1068,1068,0,0,0,1068,0,1068,`42c,lib_a-impure.o (ex /opt/gcc-arm-none-eabi-10.3-2021.10/bin/../lib/gcc/arm-none-eabi/10.3.1/../../../../arm-none-eabi/lib/thumb/v8-m.main+fp/hard/libc.a),/opt/gcc-arm-none-eabi-10.3-2021.10/bin/../lib/gcc/arm-none-eabi/10.3.1/../../../../arm-none-eabi/lib/thumb/v8-m.main+fp/hard/libc.a
4,8,0,0,0,4,4,8,`8,lib_a-environ.o (ex /opt/gcc-arm-none-eabi-10.3-2021.10/bin/../lib/gcc/arm-none-eabi/10.3.1/../../../../arm-none-eabi/lib/thumb/v8-m.main+fp/hard/libc.a),/opt/gcc-arm-none-eabi-10.3-2021.10/bin/../lib/gcc/arm-none-eabi/10.3.1/../../../../arm-none-eabi/lib/thumb/v8-m.main+fp/hard/libc.a
17398,1572,15866,15376,490,1532,40,17438,`441e,/opt/gcc-arm-none-eabi-10.3-2021.10/bin/../lib/gcc/arm-none-eabi/10.3.1/../../../../arm-none-eabi/lib/thumb/v8-m.main+fp/hard/libc.a,/opt/gcc-arm-none-eabi-10.3-2021.10/bin/../lib/gcc/arm-none-eabi/10.3.1/../../../../arm-none-eabi/lib/thumb/v8-m.main+fp/hard/libc.a
2671,92,2671,1732,939,0,92,2763,`acb,trap_base_smp.c.obj (ex armino/cm33/libcm33.a),armino/cm33/libcm33.a
511,16,511,448,63,0,16,527,`20f,mpu.c.obj (ex armino/cm33/libcm33.a),armino/cm33/libcm33.a
285,0,285,148,137,0,0,285,`11d,stack_base.c.obj (ex armino/cm33/libcm33.a),armino/cm33/libcm33.a
112,0,112,112,0,0,0,112,`70,arm.c.obj (ex armino/cm33/libcm33.a),armino/cm33/libcm33.a
252,256,252,252,0,0,256,508,`1fc,arch_interrupt.c.obj (ex armino/cm33/libcm33.a),armino/cm33/libcm33.a
152,0,152,152,0,0,0,152,`98,dwt.c.obj (ex armino/cm33/libcm33.a),armino/cm33/libcm33.a
3983,364,3983,2844,1139,0,364,4347,`10fb,armino/cm33/libcm33.a,armino/cm33/libcm33.a
135,4,135,108,27,0,4,139,`8b,reset_reason.c.obj (ex armino/driver/libdriver.a),armino/driver/libdriver.a
56,13,56,56,0,0,13,69,`45,wdt_driver.c.obj (ex armino/driver/libdriver.a),armino/driver/libdriver.a
2919,246,2910,1444,1466,9,237,3156,`c54,gpio_driver_base.c.obj (ex armino/driver/libdriver.a),armino/driver/libdriver.a
3051,4,3051,2032,1019,0,4,3055,`bef,bk_api_ipc.c.obj (ex armino/driver/libdriver.a),armino/driver/libdriver.a
466,24,466,436,30,0,24,490,`1ea,amp_res_lock.c.obj (ex armino/driver/libdriver.a),armino/driver/libdriver.a
942,64,942,834,108,0,64,1006,`3ee,spinlock.c.obj (ex armino/driver/libdriver.a),armino/driver/libdriver.a
248,0,248,248,0,0,0,248,`f8,sys_int_driver.c.obj (ex armino/driver/libdriver.a),armino/driver/libdriver.a
64,0,64,64,0,0,0,64,`40,sys_clock_driver.c.obj (ex armino/driver/libdriver.a),armino/driver/libdriver.a
688,0,688,176,512,0,0,688,`2b0,interrupt_base.c.obj (ex armino/driver/libdriver.a),armino/driver/libdriver.a
40,0,40,40,0,0,0,40,`28,aon_pmu_driver.c.obj (ex armino/driver/libdriver.a),armino/driver/libdriver.a
1447,673,1447,1432,15,0,673,2120,`848,mailbox_channel.c.obj (ex armino/driver/libdriver.a),armino/driver/libdriver.a
1046,120,1046,978,68,0,120,1166,`48e,mb_ipc_cmd.c.obj (ex armino/driver/libdriver.a),armino/driver/libdriver.a
156,0,156,156,0,0,0,156,`9c,mb_chnl_buff.c.obj (ex armino/driver/libdriver.a),armino/driver/libdriver.a
1768,0,1768,1768,0,0,0,1768,`6e8,interrupt.c.obj (ex armino/driver/libdriver.a),armino/driver/libdriver.a
78,0,78,38,40,0,0,78,`4e,sys_driver_common.c.obj (ex armino/driver/libdriver.a),armino/driver/libdriver.a
256,111,256,256,0,0,111,367,`16f,mbox0_adapter.c.obj (ex armino/driver/libdriver.a),armino/driver/libdriver.a
428,25,428,404,24,0,25,453,`1c5,mbox0_drv.c.obj (ex armino/driver/libdriver.a),armino/driver/libdriver.a
70,0,70,70,0,0,0,70,`46,mbox0_cross_core.c.obj (ex armino/driver/libdriver.a),armino/driver/libdriver.a
2395,10,2395,1210,1185,0,10,2405,`965,flash_client.c.obj (ex armino/driver/libdriver.a),armino/driver/libdriver.a
122,0,122,122,0,0,0,122,`7a,driver.c.obj (ex armino/driver/libdriver.a),armino/driver/libdriver.a
106,0,106,106,0,0,0,106,`6a,sys_driver.c.obj (ex armino/driver/libdriver.a),armino/driver/libdriver.a
172,0,172,172,0,0,0,172,`ac,sys_ps_driver.c.obj (ex armino/driver/libdriver.a),armino/driver/libdriver.a
26,0,26,26,0,0,0,26,`1a,sys_psram_driver.c.obj (ex armino/driver/libdriver.a),armino/driver/libdriver.a
2,0,2,2,0,0,0,2,`2,dd.c.obj (ex armino/driver/libdriver.a),armino/driver/libdriver.a
24,460,24,24,0,0,460,484,`1e4,drv_model.c.obj (ex armino/driver/libdriver.a),armino/driver/libdriver.a
360,33,360,360,0,0,33,393,`189,timer_driver.c.obj (ex armino/driver/libdriver.a),armino/driver/libdriver.a
2793,213,2673,2298,375,120,93,2886,`b46,uart_driver.c.obj (ex armino/driver/libdriver.a),armino/driver/libdriver.a
4522,0,4522,4404,118,0,0,4522,`11aa,printf.c.obj (ex armino/driver/libdriver.a),armino/driver/libdriver.a
1247,28,1247,1102,145,0,28,1275,`4fb,pwr_clk.c.obj (ex armino/driver/libdriver.a),armino/driver/libdriver.a
1294,564,1294,948,346,0,564,1858,`742,pm_ap_misc.c.obj (ex armino/driver/libdriver.a),armino/driver/libdriver.a
785,4,785,472,313,0,4,789,`315,pm_ap_core.c.obj (ex armino/driver/libdriver.a),armino/driver/libdriver.a
1720,39,1720,1376,344,0,39,1759,`6df,h264_driver.c.obj (ex armino/driver/libdriver.a),armino/driver/libdriver.a
1457,13,1457,1040,417,0,13,1470,`5be,rott_driver.c.obj (ex armino/driver/libdriver.a),armino/driver/libdriver.a
1092,81,1092,920,172,0,81,1173,`495,yuv_buf_driver.c.obj (ex armino/driver/libdriver.a),armino/driver/libdriver.a
10,0,10,10,0,0,0,10,`a,sys_usb_driver.c.obj (ex armino/driver/libdriver.a),armino/driver/libdriver.a
3068,669,3068,2810,258,0,669,3737,`e99,dma_driver.c.obj (ex armino/driver/libdriver.a),armino/driver/libdriver.a
52,0,52,52,0,0,0,52,`34,i2c_unified.c.obj (ex armino/driver/libdriver.a),armino/driver/libdriver.a
2760,153,2760,2516,244,0,153,2913,`b61,i2c_driver.c.obj (ex armino/driver/libdriver.a),armino/driver/libdriver.a
806,5,806,806,0,0,5,811,`32b,sim_i2c_driver.c.obj (ex armino/driver/libdriver.a),armino/driver/libdriver.a
2777,87,2777,2164,613,0,87,2864,`b30,lcd_driver.c.obj (ex armino/driver/libdriver.a),armino/driver/libdriver.a
2068,4,2068,1574,494,0,4,2072,`818,sim_spi_driver.c.obj (ex armino/driver/libdriver.a),armino/driver/libdriver.a
1247,45,1247,986,261,0,45,1292,`50c,jpeg_dec_driver.c.obj (ex armino/driver/libdriver.a),armino/driver/libdriver.a
696,49,696,572,124,0,49,745,`2e9,dma2d_driver.c.obj (ex armino/driver/libdriver.a),armino/driver/libdriver.a
289,0,289,20,269,0,0,289,`121,flash_partition.c.obj (ex armino/driver/libdriver.a),armino/driver/libdriver.a
252,20,252,252,0,0,20,272,`110,flash_notify.c.obj (ex armino/driver/libdriver.a),armino/driver/libdriver.a
1133,147,1037,812,225,96,51,1184,`4a0,spi_driver.c.obj (ex armino/driver/libdriver.a),armino/driver/libdriver.a
32,64,32,32,0,0,64,96,`60,spi_statis.c.obj (ex armino/driver/libdriver.a),armino/driver/libdriver.a
80,25,56,56,0,24,1,81,`51,qspi_driver.c.obj (ex armino/driver/libdriver.a),armino/driver/libdriver.a
882,77,870,840,30,12,65,947,`3b3,jpeg_driver.c.obj (ex armino/driver/libdriver.a),armino/driver/libdriver.a
361,6,361,258,103,0,6,367,`16f,psram_driver.c.obj (ex armino/driver/libdriver.a),armino/driver/libdriver.a
343,8,343,264,79,0,8,351,`15f,aon_rtc_driver_64bit.c.obj (ex armino/driver/libdriver.a),armino/driver/libdriver.a
884,46,884,584,300,0,46,930,`3a2,sdio_host_driver.c.obj (ex armino/driver/libdriver.a),armino/driver/libdriver.a
580,17,580,580,0,0,17,597,`255,aud_common_driver.c.obj (ex armino/driver/libdriver.a),armino/driver/libdriver.a
1179,0,1179,986,193,0,0,1179,`49b,aud_adc_driver.c.obj (ex armino/driver/libdriver.a),armino/driver/libdriver.a
1312,0,1312,1078,234,0,0,1312,`520,aud_dac_driver.c.obj (ex armino/driver/libdriver.a),armino/driver/libdriver.a
676,0,676,676,0,0,0,676,`2a4,audio_ring_buff.c.obj (ex armino/driver/libdriver.a),armino/driver/libdriver.a
4266,1753,3858,3390,468,408,1345,5611,`15eb,mb_ipc.c.obj (ex armino/driver/libdriver.a),armino/driver/libdriver.a
141,0,141,88,53,0,0,141,`8d,mb_ipc_heartbeat.c.obj (ex armino/driver/libdriver.a),armino/driver/libdriver.a
509,0,509,240,269,0,0,509,`1fd,gpio_driver.c.obj (ex armino/driver/libdriver.a),armino/driver/libdriver.a
612,8,612,474,138,0,8,620,`26c,pm_ap_demo.c.obj (ex armino/driver/libdriver.a),armino/driver/libdriver.a
614,0,614,614,0,0,0,614,`266,sys_audio_driver.c.obj (ex armino/driver/libdriver.a),armino/driver/libdriver.a
572,4,572,572,0,0,4,576,`240,sys_video_driver.c.obj (ex armino/driver/libdriver.a),armino/driver/libdriver.a
104,0,104,104,0,0,0,104,`68,sys_bt_driver.c.obj (ex armino/driver/libdriver.a),armino/driver/libdriver.a
60280,5916,59611,48532,11079,669,5247,65527,`fff7,armino/driver/libdriver.a,armino/driver/libdriver.a
1190,75,1189,1108,81,1,74,1264,`4f0,printf.c.obj (ex armino/bk_system/libbk_system.a),armino/bk_system/libbk_system.a
48,32,48,48,0,0,32,80,`50,reboot.c.obj (ex armino/bk_system/libbk_system.a),armino/bk_system/libbk_system.a
36,1,36,36,0,0,1,37,`25,printf_base.c.obj (ex armino/bk_system/libbk_system.a),armino/bk_system/libbk_system.a
44,0,44,44,0,0,0,44,`2c,delay.c.obj (ex armino/bk_system/libbk_system.a),armino/bk_system/libbk_system.a
34,0,34,34,0,0,0,34,`22,tick.c.obj (ex armino/bk_system/libbk_system.a),armino/bk_system/libbk_system.a
1352,108,1351,1270,81,1,107,1459,`5b3,armino/bk_system/libbk_system.a,armino/bk_system/libbk_system.a
222,4,222,134,88,0,4,226,`e2,components_init.c.obj (ex armino/bk_init/libbk_init.a),armino/bk_init/libbk_init.a
209,0,209,160,49,0,0,209,`d1,bk_init.c.obj (ex armino/bk_init/libbk_init.a),armino/bk_init/libbk_init.a
431,4,431,294,137,0,4,435,`1b3,armino/bk_init/libbk_init.a,armino/bk_init/libbk_init.a
2251,11,2249,1684,565,2,9,2260,`8d4,cli_main.c.obj (ex armino/bk_cli/libbk_cli.a),armino/bk_cli/libbk_cli.a
1216,16,1216,906,310,0,16,1232,`4d0,cli_pwr.c.obj (ex armino/bk_cli/libbk_cli.a),armino/bk_cli/libbk_cli.a
7104,0,7104,3156,3948,0,0,7104,`1bc0,cli_wifi.c.obj (ex armino/bk_cli/libbk_cli.a),armino/bk_cli/libbk_cli.a
41,0,41,12,29,0,0,41,`29,cli_iperf.c.obj (ex armino/bk_cli/libbk_cli.a),armino/bk_cli/libbk_cli.a
1278,0,1278,752,526,0,0,1278,`4fe,cli_netif.c.obj (ex armino/bk_cli/libbk_cli.a),armino/bk_cli/libbk_cli.a
5600,3211,5569,5150,419,31,3180,8780,`224c,shell_task.c.obj (ex armino/bk_cli/libbk_cli.a),armino/bk_cli/libbk_cli.a
1304,276,1028,996,32,276,0,1304,`518,shell_mailbox_cp1.c.obj (ex armino/bk_cli/libbk_cli.a),armino/bk_cli/libbk_cli.a
1240,0,1240,656,584,0,0,1240,`4d8,cli_event.c.obj (ex armino/bk_cli/libbk_cli.a),armino/bk_cli/libbk_cli.a
20034,3514,19725,13312,6413,309,3205,23239,`5ac7,armino/bk_cli/libbk_cli.a,armino/bk_cli/libbk_cli.a
117,85,32,32,0,85,0,117,`75,mpu_cfg.c.obj (ex armino/bk7258_ap/libbk7258_ap.a),armino/bk7258_ap/libbk7258_ap.a
1342,0,1342,1342,0,0,0,1342,`53e,sys_hal.c.obj (ex armino/bk7258_ap/libbk7258_ap.a),armino/bk7258_ap/libbk7258_ap.a
254,0,254,158,96,0,0,254,`fe,aon_pmu_hal.c.obj (ex armino/bk7258_ap/libbk7258_ap.a),armino/bk7258_ap/libbk7258_ap.a
108,0,108,108,0,0,0,108,`6c,timer_hal.c.obj (ex armino/bk7258_ap/libbk7258_ap.a),armino/bk7258_ap/libbk7258_ap.a
594,4,594,540,54,0,4,598,`256,sys_pm_hal.c.obj (ex armino/bk7258_ap/libbk7258_ap.a),armino/bk7258_ap/libbk7258_ap.a
160,0,160,32,128,0,0,160,`a0,jpeg_ll.c.obj (ex armino/bk7258_ap/libbk7258_ap.a),armino/bk7258_ap/libbk7258_ap.a
2575,89,2490,2212,278,85,4,2579,`a13,armino/bk7258_ap/libbk7258_ap.a,armino/bk7258_ap/libbk7258_ap.a
150,0,150,150,0,0,0,150,`96,wdt_hal.c.obj (ex armino/common/libcommon.a),armino/common/libcommon.a
2879,4,2879,1440,1439,0,4,2883,`b43,gpio_hal.c.obj (ex armino/common/libcommon.a),armino/common/libcommon.a
1186,0,1186,1090,96,0,0,1186,`4a2,mbox0_hal.c.obj (ex armino/common/libcommon.a),armino/common/libcommon.a
898,0,898,898,0,0,0,898,`382,lcd_disp_hal.c.obj (ex armino/common/libcommon.a),armino/common/libcommon.a
160,0,160,160,0,0,0,160,`a0,timer_hal.c.obj (ex armino/common/libcommon.a),armino/common/libcommon.a
498,0,498,460,38,0,0,498,`1f2,dma_hal.c.obj (ex armino/common/libcommon.a),armino/common/libcommon.a
24,0,24,24,0,0,0,24,`18,spi_hal.c.obj (ex armino/common/libcommon.a),armino/common/libcommon.a
586,0,586,586,0,0,0,586,`24a,i2c_hal.c.obj (ex armino/common/libcommon.a),armino/common/libcommon.a
326,0,326,326,0,0,0,326,`146,uart_hal.c.obj (ex armino/common/libcommon.a),armino/common/libcommon.a
16,0,16,16,0,0,0,16,`10,qspi_hal.c.obj (ex armino/common/libcommon.a),armino/common/libcommon.a
308,0,308,308,0,0,0,308,`134,jpeg_hal.c.obj (ex armino/common/libcommon.a),armino/common/libcommon.a
518,0,518,518,0,0,0,518,`206,yuv_buf_hal.c.obj (ex armino/common/libcommon.a),armino/common/libcommon.a
664,0,664,664,0,0,0,664,`298,h264_hal.c.obj (ex armino/common/libcommon.a),armino/common/libcommon.a
6,0,6,6,0,0,0,6,`6,psram_hal.c.obj (ex armino/common/libcommon.a),armino/common/libcommon.a
24,0,24,24,0,0,0,24,`18,aud_hal.c.obj (ex armino/common/libcommon.a),armino/common/libcommon.a
64,0,64,64,0,0,0,64,`40,sdio_host_hal.c.obj (ex armino/common/libcommon.a),armino/common/libcommon.a
784,0,784,784,0,0,0,784,`310,dma2d_hal.c.obj (ex armino/common/libcommon.a),armino/common/libcommon.a
3340,224,3276,3112,164,64,160,3500,`dac,jpeg_dec_hal.c.obj (ex armino/common/libcommon.a),armino/common/libcommon.a
12431,228,12367,10630,1737,64,164,12595,`3133,armino/common/libcommon.a,armino/common/libcommon.a
241,32,241,236,5,0,32,273,`111,system_main.c.obj (ex armino/bk_startup/libbk_startup.a),armino/bk_startup/libbk_startup.a
10,0,10,10,0,0,0,10,`a,rtos_init.c.obj (ex armino/bk_startup/libbk_startup.a),armino/bk_startup/libbk_startup.a
251,32,251,246,5,0,32,283,`11b,armino/bk_startup/libbk_startup.a,armino/bk_startup/libbk_startup.a
2436,17,2436,1958,478,0,17,2453,`995,event.c.obj (ex armino/bk_event/libbk_event.a),armino/bk_event/libbk_event.a
2436,17,2436,1958,478,0,17,2453,`995,armino/bk_event/libbk_event.a,armino/bk_event/libbk_event.a
2377,33,2376,2176,200,1,32,2409,`969,audio_dbgtool_intf.c.obj (ex armino/bk_aud_param_ctrl/libbk_aud_param_ctrl.a),armino/bk_aud_param_ctrl/libbk_aud_param_ctrl.a
1208,40,1208,904,304,0,40,1248,`4e0,audio_param_ctrl.c.obj (ex armino/bk_aud_param_ctrl/libbk_aud_param_ctrl.a),armino/bk_aud_param_ctrl/libbk_aud_param_ctrl.a
3585,73,3584,3080,504,1,72,3657,`e49,armino/bk_aud_param_ctrl/libbk_aud_param_ctrl.a,armino/bk_aud_param_ctrl/libbk_aud_param_ctrl.a
4055,24,4055,3318,737,0,24,4079,`fef,aec_v3_algorithm.c.obj (ex armino/aec_v3_algorithm/libaec_v3_algorithm.a),armino/aec_v3_algorithm/libaec_v3_algorithm.a
4055,24,4055,3318,737,0,24,4079,`fef,armino/aec_v3_algorithm/libaec_v3_algorithm.a,armino/aec_v3_algorithm/libaec_v3_algorithm.a
4263,32,4263,3080,1183,0,32,4295,`10c7,onboard_speaker_stream.c.obj (ex armino/onboard_speaker_stream/libonboard_speaker_stream.a),armino/onboard_speaker_stream/libonboard_speaker_stream.a
4263,32,4263,3080,1183,0,32,4295,`10c7,armino/onboard_speaker_stream/libonboard_speaker_stream.a,armino/onboard_speaker_stream/libonboard_speaker_stream.a
3212,48,3212,2030,1182,0,48,3260,`cbc,onboard_mic_stream.c.obj (ex armino/onboard_mic_stream/libonboard_mic_stream.a),armino/onboard_mic_stream/libonboard_mic_stream.a
3212,48,3212,2030,1182,0,48,3260,`cbc,armino/onboard_mic_stream/libonboard_mic_stream.a,armino/onboard_mic_stream/libonboard_mic_stream.a
436,0,436,336,100,0,0,436,`1b4,cli_cs2_p2p.c.obj (ex armino/cs2p2p/libcs2p2p.a),armino/cs2p2p/libcs2p2p.a
6635,154,6631,3680,2951,4,150,6785,`1a81,cs2_p2p_main.c.obj (ex armino/cs2p2p/libcs2p2p.a),armino/cs2p2p/libcs2p2p.a
1359,0,1359,348,1011,0,0,1359,`54f,PPCS_cs2_comm.c.obj (ex armino/cs2p2p/libcs2p2p.a),armino/cs2p2p/libcs2p2p.a
276,4,276,244,32,0,4,280,`118,cs2_osal.c.obj (ex armino/cs2p2p/libcs2p2p.a),armino/cs2p2p/libcs2p2p.a
8706,158,8702,4608,4094,4,154,8860,`229c,armino/cs2p2p/libcs2p2p.a,armino/cs2p2p/libcs2p2p.a
913,0,913,254,659,0,0,913,`391,dvp_gc0308.c.obj (ex armino/bk_peripheral/libbk_peripheral.a),armino/bk_peripheral/libbk_peripheral.a
1602,0,1602,532,1070,0,0,1602,`642,dvp_gc0328c.c.obj (ex armino/bk_peripheral/libbk_peripheral.a),armino/bk_peripheral/libbk_peripheral.a
3043,0,3043,862,2181,0,0,3043,`be3,dvp_gc2145.c.obj (ex armino/bk_peripheral/libbk_peripheral.a),armino/bk_peripheral/libbk_peripheral.a
2779,0,2779,372,2407,0,0,2779,`adb,dvp_hm1055.c.obj (ex armino/bk_peripheral/libbk_peripheral.a),armino/bk_peripheral/libbk_peripheral.a
1115,0,1115,344,771,0,0,1115,`45b,dvp_ov2640.c.obj (ex armino/bk_peripheral/libbk_peripheral.a),armino/bk_peripheral/libbk_peripheral.a
1040,0,1040,218,822,0,0,1040,`410,dvp_sc101.c.obj (ex armino/bk_peripheral/libbk_peripheral.a),armino/bk_peripheral/libbk_peripheral.a
152,0,152,152,0,0,0,152,`98,dvp_sensor_devices.c.obj (ex armino/bk_peripheral/libbk_peripheral.a),armino/bk_peripheral/libbk_peripheral.a
4,0,4,4,0,0,0,4,`4,bk_peripheral.c.obj (ex armino/bk_peripheral/libbk_peripheral.a),armino/bk_peripheral/libbk_peripheral.a
56,44,12,12,0,44,0,56,`38,lcd_panel_devices.c.obj (ex armino/bk_peripheral/libbk_peripheral.a),armino/bk_peripheral/libbk_peripheral.a
1321,0,1321,1270,51,0,0,1321,`529,lcd_st7701s_ly.c.obj (ex armino/bk_peripheral/libbk_peripheral.a),armino/bk_peripheral/libbk_peripheral.a
1582,0,1582,1534,48,0,0,1582,`62e,lcd_st7701s.c.obj (ex armino/bk_peripheral/libbk_peripheral.a),armino/bk_peripheral/libbk_peripheral.a
1499,0,1499,1450,49,0,0,1499,`5db,lcd_st7701sn.c.obj (ex armino/bk_peripheral/libbk_peripheral.a),armino/bk_peripheral/libbk_peripheral.a
1492,0,1492,1446,46,0,0,1492,`5d4,lcd_aml01.c.obj (ex armino/bk_peripheral/libbk_peripheral.a),armino/bk_peripheral/libbk_peripheral.a
6413,0,6413,6024,389,0,0,6413,`190d,lcd_nt35510_mcu.c.obj (ex armino/bk_peripheral/libbk_peripheral.a),armino/bk_peripheral/libbk_peripheral.a
868,0,868,476,392,0,0,868,`364,lcd_st7796s.c.obj (ex armino/bk_peripheral/libbk_peripheral.a),armino/bk_peripheral/libbk_peripheral.a
48,0,48,0,48,0,0,48,`30,lcd_h050iwv.c.obj (ex armino/bk_peripheral/libbk_peripheral.a),armino/bk_peripheral/libbk_peripheral.a
47,0,47,0,47,0,0,47,`2f,lcd_hx8282.c.obj (ex armino/bk_peripheral/libbk_peripheral.a),armino/bk_peripheral/libbk_peripheral.a
48,0,48,0,48,0,0,48,`30,lcd_md0430r.c.obj (ex armino/bk_peripheral/libbk_peripheral.a),armino/bk_peripheral/libbk_peripheral.a
48,0,48,0,48,0,0,48,`30,lcd_md0700r.c.obj (ex armino/bk_peripheral/libbk_peripheral.a),armino/bk_peripheral/libbk_peripheral.a
47,0,47,0,47,0,0,47,`2f,lcd_st7282.c.obj (ex armino/bk_peripheral/libbk_peripheral.a),armino/bk_peripheral/libbk_peripheral.a
24117,44,24073,14950,9123,44,0,24117,`5e35,armino/bk_peripheral/libbk_peripheral.a,armino/bk_peripheral/libbk_peripheral.a
1732,794,970,970,0,762,32,1764,`6e4,pm.c.obj (ex armino/bk_pm/libbk_pm.a),armino/bk_pm/libbk_pm.a
48,0,48,48,0,0,0,48,`30,pm_misc.c.obj (ex armino/bk_pm/libbk_pm.a),armino/bk_pm/libbk_pm.a
1780,794,1018,1018,0,762,32,1812,`714,armino/bk_pm/libbk_pm.a,armino/bk_pm/libbk_pm.a
8262,0,8262,4544,3718,0,0,8262,`2046,bk_voice_service.c.obj (ex armino/bk_voice_service/libbk_voice_service.a),armino/bk_voice_service/libbk_voice_service.a
1438,44,1438,912,526,0,44,1482,`5ca,bk_voice_read_service.c.obj (ex armino/bk_voice_service/libbk_voice_service.a),armino/bk_voice_service/libbk_voice_service.a
2293,44,2293,1556,737,0,44,2337,`921,bk_voice_write_service.c.obj (ex armino/bk_voice_service/libbk_voice_service.a),armino/bk_voice_service/libbk_voice_service.a
11993,88,11993,7012,4981,0,88,12081,`2f31,armino/bk_voice_service/libbk_voice_service.a,armino/bk_voice_service/libbk_voice_service.a
22,0,22,22,0,0,0,22,`16,ap_main.c.obj (ex armino/ap/libap.a),armino/ap/libap.a
22,0,22,22,0,0,0,22,`16,armino/ap/libap.a,armino/ap/libap.a
13828,0,13828,12158,1670,0,0,13828,`3604,aec.c.obj (ex /home/liyy/work/bk_avdk_smp_v3.1.1.8/bk_avdk_smp/ap/components/bk_libs/bk7258_ap/libs/libaec_v3.a),/home/liyy/work/bk_avdk_smp_v3.1.1.8/bk_avdk_smp/ap/components/bk_libs/bk7258_ap/libs/libaec_v3.a
6038,0,6038,1098,4940,0,0,6038,`1796,aec_fft.c.obj (ex /home/liyy/work/bk_avdk_smp_v3.1.1.8/bk_avdk_smp/ap/components/bk_libs/bk7258_ap/libs/libaec_v3.a),/home/liyy/work/bk_avdk_smp_v3.1.1.8/bk_avdk_smp/ap/components/bk_libs/bk7258_ap/libs/libaec_v3.a
16122,0,16122,15944,178,0,0,16122,`3efa,gtcrn.c.obj (ex /home/liyy/work/bk_avdk_smp_v3.1.1.8/bk_avdk_smp/ap/components/bk_libs/bk7258_ap/libs/libaec_v3.a),/home/liyy/work/bk_avdk_smp_v3.1.1.8/bk_avdk_smp/ap/components/bk_libs/bk7258_ap/libs/libaec_v3.a
4538,0,4538,4538,0,0,0,4538,`11ba,rfft.S.obj (ex /home/liyy/work/bk_avdk_smp_v3.1.1.8/bk_avdk_smp/ap/components/bk_libs/bk7258_ap/libs/libaec_v3.a),/home/liyy/work/bk_avdk_smp_v3.1.1.8/bk_avdk_smp/ap/components/bk_libs/bk7258_ap/libs/libaec_v3.a
900,0,900,900,0,0,0,900,`384,asm_pt_cv0.S.obj (ex /home/liyy/work/bk_avdk_smp_v3.1.1.8/bk_avdk_smp/ap/components/bk_libs/bk7258_ap/libs/libaec_v3.a),/home/liyy/work/bk_avdk_smp_v3.1.1.8/bk_avdk_smp/ap/components/bk_libs/bk7258_ap/libs/libaec_v3.a
258,0,258,258,0,0,0,258,`102,asm_pt_cv1.S.obj (ex /home/liyy/work/bk_avdk_smp_v3.1.1.8/bk_avdk_smp/ap/components/bk_libs/bk7258_ap/libs/libaec_v3.a),/home/liyy/work/bk_avdk_smp_v3.1.1.8/bk_avdk_smp/ap/components/bk_libs/bk7258_ap/libs/libaec_v3.a
170,0,170,170,0,0,0,170,`aa,asm_pt_cv2.S.obj (ex /home/liyy/work/bk_avdk_smp_v3.1.1.8/bk_avdk_smp/ap/components/bk_libs/bk7258_ap/libs/libaec_v3.a),/home/liyy/work/bk_avdk_smp_v3.1.1.8/bk_avdk_smp/ap/components/bk_libs/bk7258_ap/libs/libaec_v3.a
116,0,116,116,0,0,0,116,`74,asm_pt2_cv.S.obj (ex /home/liyy/work/bk_avdk_smp_v3.1.1.8/bk_avdk_smp/ap/components/bk_libs/bk7258_ap/libs/libaec_v3.a),/home/liyy/work/bk_avdk_smp_v3.1.1.8/bk_avdk_smp/ap/components/bk_libs/bk7258_ap/libs/libaec_v3.a
236,0,236,236,0,0,0,236,`ec,asm_dpt_cv3.S.obj (ex /home/liyy/work/bk_avdk_smp_v3.1.1.8/bk_avdk_smp/ap/components/bk_libs/bk7258_ap/libs/libaec_v3.a),/home/liyy/work/bk_avdk_smp_v3.1.1.8/bk_avdk_smp/ap/components/bk_libs/bk7258_ap/libs/libaec_v3.a
218,0,218,218,0,0,0,218,`da,asm_dpt_cv4.S.obj (ex /home/liyy/work/bk_avdk_smp_v3.1.1.8/bk_avdk_smp/ap/components/bk_libs/bk7258_ap/libs/libaec_v3.a),/home/liyy/work/bk_avdk_smp_v3.1.1.8/bk_avdk_smp/ap/components/bk_libs/bk7258_ap/libs/libaec_v3.a
164,0,164,164,0,0,0,164,`a4,asm_dpg_fc.S.obj (ex /home/liyy/work/bk_avdk_smp_v3.1.1.8/bk_avdk_smp/ap/components/bk_libs/bk7258_ap/libs/libaec_v3.a),/home/liyy/work/bk_avdk_smp_v3.1.1.8/bk_avdk_smp/ap/components/bk_libs/bk7258_ap/libs/libaec_v3.a
342,0,342,342,0,0,0,342,`156,asm_inter_gru.S.obj (ex /home/liyy/work/bk_avdk_smp_v3.1.1.8/bk_avdk_smp/ap/components/bk_libs/bk7258_ap/libs/libaec_v3.a),/home/liyy/work/bk_avdk_smp_v3.1.1.8/bk_avdk_smp/ap/components/bk_libs/bk7258_ap/libs/libaec_v3.a
268,0,268,268,0,0,0,268,`10c,asm_intra_gru.S.obj (ex /home/liyy/work/bk_avdk_smp_v3.1.1.8/bk_avdk_smp/ap/components/bk_libs/bk7258_ap/libs/libaec_v3.a),/home/liyy/work/bk_avdk_smp_v3.1.1.8/bk_avdk_smp/ap/components/bk_libs/bk7258_ap/libs/libaec_v3.a
318,0,318,318,0,0,0,318,`13e,asm_dp2_cv.S.obj (ex /home/liyy/work/bk_avdk_smp_v3.1.1.8/bk_avdk_smp/ap/components/bk_libs/bk7258_ap/libs/libaec_v3.a),/home/liyy/work/bk_avdk_smp_v3.1.1.8/bk_avdk_smp/ap/components/bk_libs/bk7258_ap/libs/libaec_v3.a
320,0,320,320,0,0,0,320,`140,asm_dp3_cv.S.obj (ex /home/liyy/work/bk_avdk_smp_v3.1.1.8/bk_avdk_smp/ap/components/bk_libs/bk7258_ap/libs/libaec_v3.a),/home/liyy/work/bk_avdk_smp_v3.1.1.8/bk_avdk_smp/ap/components/bk_libs/bk7258_ap/libs/libaec_v3.a
320,0,320,320,0,0,0,320,`140,asm_dp4_cv.S.obj (ex /home/liyy/work/bk_avdk_smp_v3.1.1.8/bk_avdk_smp/ap/components/bk_libs/bk7258_ap/libs/libaec_v3.a),/home/liyy/work/bk_avdk_smp_v3.1.1.8/bk_avdk_smp/ap/components/bk_libs/bk7258_ap/libs/libaec_v3.a
100,0,100,100,0,0,0,100,`64,asm_buf_mv.S.obj (ex /home/liyy/work/bk_avdk_smp_v3.1.1.8/bk_avdk_smp/ap/components/bk_libs/bk7258_ap/libs/libaec_v3.a),/home/liyy/work/bk_avdk_smp_v3.1.1.8/bk_avdk_smp/ap/components/bk_libs/bk7258_ap/libs/libaec_v3.a
64,0,64,64,0,0,0,64,`40,asm_tra_act.S.obj (ex /home/liyy/work/bk_avdk_smp_v3.1.1.8/bk_avdk_smp/ap/components/bk_libs/bk7258_ap/libs/libaec_v3.a),/home/liyy/work/bk_avdk_smp_v3.1.1.8/bk_avdk_smp/ap/components/bk_libs/bk7258_ap/libs/libaec_v3.a
88,0,88,88,0,0,0,88,`58,asm_tra_out.S.obj (ex /home/liyy/work/bk_avdk_smp_v3.1.1.8/bk_avdk_smp/ap/components/bk_libs/bk7258_ap/libs/libaec_v3.a),/home/liyy/work/bk_avdk_smp_v3.1.1.8/bk_avdk_smp/ap/components/bk_libs/bk7258_ap/libs/libaec_v3.a
8672,0,8672,0,8672,0,0,8672,`21e0,aec_data.c.obj (ex /home/liyy/work/bk_avdk_smp_v3.1.1.8/bk_avdk_smp/ap/components/bk_libs/bk7258_ap/libs/libaec_v3.a),/home/liyy/work/bk_avdk_smp_v3.1.1.8/bk_avdk_smp/ap/components/bk_libs/bk7258_ap/libs/libaec_v3.a
50912,0,50912,0,50912,0,0,50912,`c6e0,gtcrn_data.c.obj (ex /home/liyy/work/bk_avdk_smp_v3.1.1.8/bk_avdk_smp/ap/components/bk_libs/bk7258_ap/libs/libaec_v3.a),/home/liyy/work/bk_avdk_smp_v3.1.1.8/bk_avdk_smp/ap/components/bk_libs/bk7258_ap/libs/libaec_v3.a
103992,0,103992,37620,66372,0,0,103992,`19638,/home/liyy/work/bk_avdk_smp_v3.1.1.8/bk_avdk_smp/ap/components/bk_libs/bk7258_ap/libs/libaec_v3.a,/home/liyy/work/bk_avdk_smp_v3.1.1.8/bk_avdk_smp/ap/components/bk_libs/bk7258_ap/libs/libaec_v3.a
539,24,539,362,177,0,24,563,`233,media_service.c.obj (ex armino/media_service/libmedia_service.a),armino/media_service/libmedia_service.a
557,88,469,384,85,88,0,557,`22d,video_osi_wrapper.c.obj (ex armino/media_service/libmedia_service.a),armino/media_service/libmedia_service.a
350,56,294,230,64,56,0,350,`15e,audio_osi_wrapper.c.obj (ex armino/media_service/libmedia_service.a),armino/media_service/libmedia_service.a
1446,168,1302,976,326,144,24,1470,`5be,armino/media_service/libmedia_service.a,armino/media_service/libmedia_service.a
2423,396,2027,1862,165,396,0,2423,`977,bluetooth.c.obj (ex armino/bk_bluetooth/libbk_bluetooth.a),armino/bk_bluetooth/libbk_bluetooth.a
768,9,768,424,344,0,9,777,`309,bt_main.c.obj (ex armino/bk_bluetooth/libbk_bluetooth.a),armino/bk_bluetooth/libbk_bluetooth.a
1992,20,1992,1256,736,0,20,2012,`7dc,bt_ipc_core.c.obj (ex armino/bk_bluetooth/libbk_bluetooth.a),armino/bk_bluetooth/libbk_bluetooth.a
243,0,243,126,117,0,0,243,`f3,hal_hci_core.c.obj (ex armino/bk_bluetooth/libbk_bluetooth.a),armino/bk_bluetooth/libbk_bluetooth.a
40,8,40,40,0,0,8,48,`30,bt_feature_config.c.obj (ex armino/bk_bluetooth/libbk_bluetooth.a),armino/bk_bluetooth/libbk_bluetooth.a
12,0,12,12,0,0,0,12,`c,bk_cli_ble.c.obj (ex armino/bk_bluetooth/libbk_bluetooth.a),armino/bk_bluetooth/libbk_bluetooth.a
5478,433,5082,3720,1362,396,37,5515,`158b,armino/bk_bluetooth/libbk_bluetooth.a,armino/bk_bluetooth/libbk_bluetooth.a
3320,24,3320,2162,1158,0,24,3344,`d10,ntwk_fragmentation.c.obj (ex armino/bk_network_transfer/libbk_network_transfer.a),armino/bk_network_transfer/libbk_network_transfer.a
1369,4,1369,960,409,0,4,1373,`55d,ntwk_sdp.c.obj (ex armino/bk_network_transfer/libbk_network_transfer.a),armino/bk_network_transfer/libbk_network_transfer.a
766,0,766,640,126,0,0,766,`2fe,bk_tcp_service.c.obj (ex armino/bk_network_transfer/libbk_network_transfer.a),armino/bk_network_transfer/libbk_network_transfer.a
847,0,847,668,179,0,0,847,`34f,bk_udp_service.c.obj (ex armino/bk_network_transfer/libbk_network_transfer.a),armino/bk_network_transfer/libbk_network_transfer.a
2049,4,2049,1204,845,0,4,2053,`805,network_transfer_internal.c.obj (ex armino/bk_network_transfer/libbk_network_transfer.a),armino/bk_network_transfer/libbk_network_transfer.a
3087,4,3087,2200,887,0,4,3091,`c13,network_transfer.c.obj (ex armino/bk_network_transfer/libbk_network_transfer.a),armino/bk_network_transfer/libbk_network_transfer.a
843,0,843,664,179,0,0,843,`34b,bk_cs2_service.c.obj (ex armino/bk_network_transfer/libbk_network_transfer.a),armino/bk_network_transfer/libbk_network_transfer.a
2976,28,2976,1948,1028,0,28,3004,`bbc,ntwk_pack.c.obj (ex armino/bk_network_transfer/libbk_network_transfer.a),armino/bk_network_transfer/libbk_network_transfer.a
1080,5,1080,820,260,0,5,1085,`43d,video_drop.c.obj (ex armino/bk_network_transfer/libbk_network_transfer.a),armino/bk_network_transfer/libbk_network_transfer.a
5184,12,5184,3596,1588,0,12,5196,`144c,ntwk_tcp_service.c.obj (ex armino/bk_network_transfer/libbk_network_transfer.a),armino/bk_network_transfer/libbk_network_transfer.a
5033,12,5033,3300,1733,0,12,5045,`13b5,ntwk_udp_service.c.obj (ex armino/bk_network_transfer/libbk_network_transfer.a),armino/bk_network_transfer/libbk_network_transfer.a
5080,88,5076,3224,1852,4,84,5164,`142c,ntwk_cs2_service.c.obj (ex armino/bk_network_transfer/libbk_network_transfer.a),armino/bk_network_transfer/libbk_network_transfer.a
268,0,268,224,44,0,0,268,`10c,trans_list.c.obj (ex armino/bk_network_transfer/libbk_network_transfer.a),armino/bk_network_transfer/libbk_network_transfer.a
328,0,328,284,44,0,0,328,`148,ntwk_socket.c.obj (ex armino/bk_network_transfer/libbk_network_transfer.a),armino/bk_network_transfer/libbk_network_transfer.a
32230,181,32226,21894,10332,4,177,32407,`7e97,armino/bk_network_transfer/libbk_network_transfer.a,armino/bk_network_transfer/libbk_network_transfer.a
23054,1034,23021,21688,1333,33,1001,24055,`5df7,PPPP_API.c.obj (ex /home/liyy/work/bk_avdk_smp_v3.1.1.8/bk_avdk_smp/ap/components/bk_thirdparty/cs2p2p/bk7258/libPPCS_API_4.5.3_BK7258_bk_avdk_smp-release-v3.0.1-LNS-IoTWIFI-20250608.a),/home/liyy/work/bk_avdk_smp_v3.1.1.8/bk_avdk_smp/ap/components/bk_thirdparty/cs2p2p/bk7258/libPPCS_API_4.5.3_BK7258_bk_avdk_smp-release-v3.0.1-LNS-IoTWIFI-20250608.a
174,0,174,174,0,0,0,174,`ae,CS2SockAddr.c.obj (ex /home/liyy/work/bk_avdk_smp_v3.1.1.8/bk_avdk_smp/ap/components/bk_thirdparty/cs2p2p/bk7258/libPPCS_API_4.5.3_BK7258_bk_avdk_smp-release-v3.0.1-LNS-IoTWIFI-20250608.a),/home/liyy/work/bk_avdk_smp_v3.1.1.8/bk_avdk_smp/ap/components/bk_thirdparty/cs2p2p/bk7258/libPPCS_API_4.5.3_BK7258_bk_avdk_smp-release-v3.0.1-LNS-IoTWIFI-20250608.a
1881,0,1881,1478,403,0,0,1881,`759,PPPP_Common.c.obj (ex /home/liyy/work/bk_avdk_smp_v3.1.1.8/bk_avdk_smp/ap/components/bk_thirdparty/cs2p2p/bk7258/libPPCS_API_4.5.3_BK7258_bk_avdk_smp-release-v3.0.1-LNS-IoTWIFI-20250608.a),/home/liyy/work/bk_avdk_smp_v3.1.1.8/bk_avdk_smp/ap/components/bk_thirdparty/cs2p2p/bk7258/libPPCS_API_4.5.3_BK7258_bk_avdk_smp-release-v3.0.1-LNS-IoTWIFI-20250608.a
4499,0,4499,4482,17,0,0,4499,`1193,PPPP_Proto.c.obj (ex /home/liyy/work/bk_avdk_smp_v3.1.1.8/bk_avdk_smp/ap/components/bk_thirdparty/cs2p2p/bk7258/libPPCS_API_4.5.3_BK7258_bk_avdk_smp-release-v3.0.1-LNS-IoTWIFI-20250608.a),/home/liyy/work/bk_avdk_smp_v3.1.1.8/bk_avdk_smp/ap/components/bk_thirdparty/cs2p2p/bk7258/libPPCS_API_4.5.3_BK7258_bk_avdk_smp-release-v3.0.1-LNS-IoTWIFI-20250608.a
1963,4,1963,1906,57,0,4,1967,`7af,SocketAPI.c.obj (ex /home/liyy/work/bk_avdk_smp_v3.1.1.8/bk_avdk_smp/ap/components/bk_thirdparty/cs2p2p/bk7258/libPPCS_API_4.5.3_BK7258_bk_avdk_smp-release-v3.0.1-LNS-IoTWIFI-20250608.a),/home/liyy/work/bk_avdk_smp_v3.1.1.8/bk_avdk_smp/ap/components/bk_thirdparty/cs2p2p/bk7258/libPPCS_API_4.5.3_BK7258_bk_avdk_smp-release-v3.0.1-LNS-IoTWIFI-20250608.a
31571,1038,31538,29728,1810,33,1005,32576,`7f40,/home/liyy/work/bk_avdk_smp_v3.1.1.8/bk_avdk_smp/ap/components/bk_thirdparty/cs2p2p/bk7258/libPPCS_API_4.5.3_BK7258_bk_avdk_smp-release-v3.0.1-LNS-IoTWIFI-20250608.a,/home/liyy/work/bk_avdk_smp_v3.1.1.8/bk_avdk_smp/ap/components/bk_thirdparty/cs2p2p/bk7258/libPPCS_API_4.5.3_BK7258_bk_avdk_smp-release-v3.0.1-LNS-IoTWIFI-20250608.a
1128,0,1128,846,282,0,0,1128,`468,mem_arch.c.obj (ex armino/bk_rtos/libbk_rtos.a),armino/bk_rtos/libbk_rtos.a
3563,9,3563,3334,229,0,9,3572,`df4,rtos_pub_smp.c.obj (ex armino/bk_rtos/libbk_rtos.a),armino/bk_rtos/libbk_rtos.a
128,0,128,64,64,0,0,128,`80,rtos_debug.c.obj (ex armino/bk_rtos/libbk_rtos.a),armino/bk_rtos/libbk_rtos.a
157,0,157,114,43,0,0,157,`9d,platform_stub.c.obj (ex armino/bk_rtos/libbk_rtos.a),armino/bk_rtos/libbk_rtos.a
128,0,128,118,10,0,0,128,`80,str_arch.c.obj (ex armino/bk_rtos/libbk_rtos.a),armino/bk_rtos/libbk_rtos.a
453,4,453,414,39,0,4,457,`1c9,pthread_local_storage.c.obj (ex armino/bk_rtos/libbk_rtos.a),armino/bk_rtos/libbk_rtos.a
5557,13,5557,4890,667,0,13,5570,`15c2,armino/bk_rtos/libbk_rtos.a,armino/bk_rtos/libbk_rtos.a
2209,0,2209,1548,661,0,0,2209,`8a1,bk_display_rgb_ctlr.c.obj (ex armino/bk_display/libbk_display.a),armino/bk_display/libbk_display.a
880,0,880,556,324,0,0,880,`370,bk_display.c.obj (ex armino/bk_display/libbk_display.a),armino/bk_display/libbk_display.a
2081,0,2081,1436,645,0,0,2081,`821,bk_display_mcu_ctlr.c.obj (ex armino/bk_display/libbk_display.a),armino/bk_display/libbk_display.a
5170,0,5170,3540,1630,0,0,5170,`1432,armino/bk_display/libbk_display.a,armino/bk_display/libbk_display.a
3031,132,3031,2576,455,0,132,3163,`c5b,heap_4.c.obj (ex armino/os_source/libos_source.a),armino/os_source/libos_source.a
1043,0,1043,924,119,0,0,1043,`413,event_groups.c.obj (ex armino/os_source/libos_source.a),armino/os_source/libos_source.a
138,0,138,138,0,0,0,138,`8a,list.c.obj (ex armino/os_source/libos_source.a),armino/os_source/libos_source.a
3181,0,3181,2852,329,0,0,3181,`c6d,queue.c.obj (ex armino/os_source/libos_source.a),armino/os_source/libos_source.a
7639,404,7635,7052,583,4,400,8039,`1f67,tasks.c.obj (ex armino/os_source/libos_source.a),armino/os_source/libos_source.a
1564,404,1564,1390,174,0,404,1968,`7b0,timers.c.obj (ex armino/os_source/libos_source.a),armino/os_source/libos_source.a
1397,58,1396,1274,122,1,57,1454,`5ae,port.c.obj (ex armino/os_source/libos_source.a),armino/os_source/libos_source.a
216,0,216,216,0,0,0,216,`d8,portasm.c.obj (ex armino/os_source/libos_source.a),armino/os_source/libos_source.a
18209,998,18204,16422,1782,5,993,19202,`4b02,armino/os_source/libos_source.a,armino/os_source/libos_source.a
1564,4,1564,932,632,0,4,1568,`620,doorbell_core.c.obj (ex armino/smart_lock/libsmart_lock.a),armino/smart_lock/libsmart_lock.a
1515,8,1515,1106,409,0,8,1523,`5f3,doorbell_boarding.c.obj (ex armino/smart_lock/libsmart_lock.a),armino/smart_lock/libsmart_lock.a
662,0,662,442,220,0,0,662,`296,doorbell_network.c.obj (ex armino/smart_lock/libsmart_lock.a),armino/smart_lock/libsmart_lock.a
1093,0,1093,770,323,0,0,1093,`445,doorbell_network_transfer.c.obj (ex armino/smart_lock/libsmart_lock.a),armino/smart_lock/libsmart_lock.a
1931,4,1931,1490,441,0,4,1935,`78f,doorbell_audio_device.c.obj (ex armino/smart_lock/libsmart_lock.a),armino/smart_lock/libsmart_lock.a
3011,8,3011,2004,1007,0,8,3019,`bcb,doorbell_devices.c.obj (ex armino/smart_lock/libsmart_lock.a),armino/smart_lock/libsmart_lock.a
1794,8,1794,1444,350,0,8,1802,`70a,doorbell_cmd.c.obj (ex armino/smart_lock/libsmart_lock.a),armino/smart_lock/libsmart_lock.a
209,0,209,168,41,0,0,209,`d1,bk_smart_config.c.obj (ex armino/smart_lock/libsmart_lock.a),armino/smart_lock/libsmart_lock.a
958,4,958,542,416,0,4,962,`3c2,mjpeg_decoder.c.obj (ex armino/smart_lock/libsmart_lock.a),armino/smart_lock/libsmart_lock.a
2743,4,2743,1542,1201,0,4,2747,`abb,yuv_display.c.obj (ex armino/smart_lock/libsmart_lock.a),armino/smart_lock/libsmart_lock.a
3782,528,3782,3012,770,0,528,4310,`10d6,frame_que_v2.c.obj (ex armino/smart_lock/libsmart_lock.a),armino/smart_lock/libsmart_lock.a
823,0,823,466,357,0,0,823,`337,doorbell_camera.c.obj (ex armino/smart_lock/libsmart_lock.a),armino/smart_lock/libsmart_lock.a
623,0,623,338,285,0,0,623,`26f,dvp.c.obj (ex armino/smart_lock/libsmart_lock.a),armino/smart_lock/libsmart_lock.a
1274,0,1274,804,470,0,0,1274,`4fa,uvc.c.obj (ex armino/smart_lock/libsmart_lock.a),armino/smart_lock/libsmart_lock.a
21982,568,21982,15060,6922,0,568,22550,`5816,armino/smart_lock/libsmart_lock.a,armino/smart_lock/libsmart_lock.a
1711,377,1430,1120,310,281,96,1807,`70f,ble_boarding.c.obj (ex armino/bt/libbt.a),armino/bt/libbt.a
1711,377,1430,1120,310,281,96,1807,`70f,armino/bt/libbt.a,armino/bt/libbt.a
572,0,572,400,172,0,0,572,`23c,bk_camera.c.obj (ex armino/bk_camera/libbk_camera.a),armino/bk_camera/libbk_camera.a
1258,0,1258,772,486,0,0,1258,`4ea,bk_camera_dvp_ctlr.c.obj (ex armino/bk_camera/libbk_camera.a),armino/bk_camera/libbk_camera.a
1003,0,1003,628,375,0,0,1003,`3eb,bk_camera_uvc_ctlr.c.obj (ex armino/bk_camera/libbk_camera.a),armino/bk_camera/libbk_camera.a
2833,0,2833,1800,1033,0,0,2833,`b11,armino/bk_camera/libbk_camera.a,armino/bk_camera/libbk_camera.a
1092,0,1092,472,620,0,0,1092,`444,bk_video_pipeline.c.obj (ex armino/bk_video_pipeline/libbk_video_pipeline.a),armino/bk_video_pipeline/libbk_video_pipeline.a
1977,0,1977,920,1057,0,0,1977,`7b9,bk_video_pipeline_ctlr.c.obj (ex armino/bk_video_pipeline/libbk_video_pipeline.a),armino/bk_video_pipeline/libbk_video_pipeline.a
3069,0,3069,1392,1677,0,0,3069,`bfd,armino/bk_video_pipeline/libbk_video_pipeline.a,armino/bk_video_pipeline/libbk_video_pipeline.a
530,0,530,396,134,0,0,530,`212,frame_buffer.c.obj (ex armino/multimedia/libmultimedia.a),armino/multimedia/libmultimedia.a
6097,8,6097,4486,1611,0,8,6105,`17d9,jpeg_decode_pipeline.c.obj (ex armino/multimedia/libmultimedia.a),armino/multimedia/libmultimedia.a
1591,9,1591,908,683,0,9,1600,`640,uvc_pipeline_act.c.obj (ex armino/multimedia/libmultimedia.a),armino/multimedia/libmultimedia.a
1384,4,1384,828,556,0,4,1388,`56c,jpeg_get_pipeline.c.obj (ex armino/multimedia/libmultimedia.a),armino/multimedia/libmultimedia.a
5093,8,5093,3924,1169,0,8,5101,`13ed,h264_encode_pipeline.c.obj (ex armino/multimedia/libmultimedia.a),armino/multimedia/libmultimedia.a
5540,8,5540,3872,1668,0,8,5548,`15ac,yuv_rotate_pipeline.c.obj (ex armino/multimedia/libmultimedia.a),armino/multimedia/libmultimedia.a
4,5,0,0,0,4,1,5,`5,media_mem_share.c.obj (ex armino/multimedia/libmultimedia.a),armino/multimedia/libmultimedia.a
20239,42,20235,14414,5821,4,38,20277,`4f35,armino/multimedia/libmultimedia.a,armino/multimedia/libmultimedia.a
331,0,331,318,13,0,0,331,`14b,media_utils.c.obj (ex armino/media_utils/libmedia_utils.a),armino/media_utils/libmedia_utils.a
1078,32,1078,928,150,0,32,1110,`456,psram_mem_slab.c.obj (ex armino/media_utils/libmedia_utils.a),armino/media_utils/libmedia_utils.a
1409,32,1409,1246,163,0,32,1441,`5a1,armino/media_utils/libmedia_utils.a,armino/media_utils/libmedia_utils.a
4655,648,4655,2362,2293,0,648,5303,`14b7,cm_backtrace.c.obj (ex armino/coredump/libcoredump.a),armino/coredump/libcoredump.a
4655,648,4655,2362,2293,0,648,5303,`14b7,armino/coredump/libcoredump.a,armino/coredump/libcoredump.a
10,0,10,10,0,0,0,10,`a,bk_ef.c.obj (ex armino/easy_flash/libeasy_flash.a),armino/easy_flash/libeasy_flash.a
6084,256,6084,4894,1190,0,256,6340,`18c4,ef_env.c.obj (ex armino/easy_flash/libeasy_flash.a),armino/easy_flash/libeasy_flash.a
1064,0,1064,40,1024,0,0,1064,`428,ef_utils.c.obj (ex armino/easy_flash/libeasy_flash.a),armino/easy_flash/libeasy_flash.a
959,9,954,586,368,5,4,963,`3c3,ef_port.c.obj (ex armino/easy_flash/libeasy_flash.a),armino/easy_flash/libeasy_flash.a
159,4,159,80,79,0,4,163,`a3,easyflash.c.obj (ex armino/easy_flash/libeasy_flash.a),armino/easy_flash/libeasy_flash.a
8276,269,8271,5610,2661,5,264,8540,`215c,armino/easy_flash/libeasy_flash.a,armino/easy_flash/libeasy_flash.a
771,128,643,604,39,128,0,771,`303,bk_vfs.c.obj (ex armino/bk_vfs/libbk_vfs.a),armino/bk_vfs/libbk_vfs.a
120,640,120,120,0,0,640,760,`2f8,bk_fdtable.c.obj (ex armino/bk_vfs/libbk_vfs.a),armino/bk_vfs/libbk_vfs.a
64,80,64,64,0,0,80,144,`90,bk_filesystem.c.obj (ex armino/bk_vfs/libbk_vfs.a),armino/bk_vfs/libbk_vfs.a
206,4,206,180,26,0,4,210,`d2,bk_file_utils.c.obj (ex armino/bk_vfs/libbk_vfs.a),armino/bk_vfs/libbk_vfs.a
1161,852,1033,968,65,128,724,1885,`75d,armino/bk_vfs/libbk_vfs.a,armino/bk_vfs/libbk_vfs.a
644,7,644,568,76,0,7,651,`28b,usb_driver.c.obj (ex armino/bk_usb/libbk_usb.a),armino/bk_usb/libbk_usb.a
3063,1124,3055,2102,953,8,1116,4179,`1053,usbh_core.c.obj (ex armino/bk_usb/libbk_usb.a),armino/bk_usb/libbk_usb.a
4429,729,4429,4368,61,0,729,5158,`1426,usb_hc_beken_musb.c.obj (ex armino/bk_usb/libbk_usb.a),armino/bk_usb/libbk_usb.a
4270,73,4270,3398,872,0,73,4343,`10f7,usbh_hub.c.obj (ex armino/bk_usb/libbk_usb.a),armino/bk_usb/libbk_usb.a
4328,1044,4328,3336,992,0,1044,5372,`14fc,bk_usbh_hub_multiple_classes_api.c.obj (ex armino/bk_usb/libbk_usb.a),armino/bk_usb/libbk_usb.a
1644,132,1644,1562,82,0,132,1776,`6f0,usbh_video.c.obj (ex armino/bk_usb/libbk_usb.a),armino/bk_usb/libbk_usb.a
1942,1900,1942,1794,148,0,1900,3842,`f02,usbh_audio.c.obj (ex armino/bk_usb/libbk_usb.a),armino/bk_usb/libbk_usb.a
1034,41,1034,856,178,0,41,1075,`433,usbh_msc.c.obj (ex armino/bk_usb/libbk_usb.a),armino/bk_usb/libbk_usb.a
1147,321,1147,1030,117,0,321,1468,`5bc,usbh_ch34x.c.obj (ex armino/bk_usb/libbk_usb.a),armino/bk_usb/libbk_usb.a
140,0,140,140,0,0,0,140,`8c,usb_osal_adaptor.c.obj (ex armino/bk_usb/libbk_usb.a),armino/bk_usb/libbk_usb.a
22641,5371,22633,19154,3479,8,5363,28004,`6d64,armino/bk_usb/libbk_usb.a,armino/bk_usb/libbk_usb.a
284,0,284,28,256,0,0,284,`11c,avdk_crc.c.obj (ex armino/avdk_utils/libavdk_utils.a),armino/avdk_utils/libavdk_utils.a
284,0,284,28,256,0,0,284,`11c,armino/avdk_utils/libavdk_utils.a,armino/avdk_utils/libavdk_utils.a
919,1,919,696,223,0,1,920,`398,bk_netif.c.obj (ex armino/bk_netif/libbk_netif.a),armino/bk_netif/libbk_netif.a
919,1,919,696,223,0,1,920,`398,armino/bk_netif/libbk_netif.a,armino/bk_netif/libbk_netif.a
346,5,346,346,0,0,5,351,`15f,dubhe_driver.c.obj (ex armino/psa_mbedtls/libpsa_mbedtls.a),armino/psa_mbedtls/libpsa_mbedtls.a
488,44,488,488,0,0,44,532,`214,dubhe_event.c.obj (ex armino/psa_mbedtls/libpsa_mbedtls.a),armino/psa_mbedtls/libpsa_mbedtls.a
472,0,472,472,0,0,0,472,`1d8,dubhe_intr_handler.c.obj (ex armino/psa_mbedtls/libpsa_mbedtls.a),armino/psa_mbedtls/libpsa_mbedtls.a
136,0,136,136,0,0,0,136,`88,dubhe_aca.c.obj (ex armino/psa_mbedtls/libpsa_mbedtls.a),armino/psa_mbedtls/libpsa_mbedtls.a
156,784,156,156,0,0,784,940,`3ac,dubhe_aca_hw.c.obj (ex armino/psa_mbedtls/libpsa_mbedtls.a),armino/psa_mbedtls/libpsa_mbedtls.a
168,0,168,168,0,0,0,168,`a8,dubhe_hash.c.obj (ex armino/psa_mbedtls/libpsa_mbedtls.a),armino/psa_mbedtls/libpsa_mbedtls.a
168,0,168,168,0,0,0,168,`a8,dubhe_sca.c.obj (ex armino/psa_mbedtls/libpsa_mbedtls.a),armino/psa_mbedtls/libpsa_mbedtls.a
152,0,152,128,24,0,0,152,`98,dubhe_trng.c.obj (ex armino/psa_mbedtls/libpsa_mbedtls.a),armino/psa_mbedtls/libpsa_mbedtls.a
30,0,30,30,0,0,0,30,`1e,pal_heap.c.obj (ex armino/psa_mbedtls/libpsa_mbedtls.a),armino/psa_mbedtls/libpsa_mbedtls.a
82,0,82,82,0,0,0,82,`52,pal_mutex.c.obj (ex armino/psa_mbedtls/libpsa_mbedtls.a),armino/psa_mbedtls/libpsa_mbedtls.a
44,0,44,44,0,0,0,44,`2c,pal_semaphore.c.obj (ex armino/psa_mbedtls/libpsa_mbedtls.a),armino/psa_mbedtls/libpsa_mbedtls.a
4,0,4,4,0,0,0,4,`4,pal_string.c.obj (ex armino/psa_mbedtls/libpsa_mbedtls.a),armino/psa_mbedtls/libpsa_mbedtls.a
96,20,96,96,0,0,20,116,`74,bignum.c.obj (ex armino/psa_mbedtls/libpsa_mbedtls.a),armino/psa_mbedtls/libpsa_mbedtls.a
32,8,24,24,0,8,0,32,`20,platform.c.obj (ex armino/psa_mbedtls/libpsa_mbedtls.a),armino/psa_mbedtls/libpsa_mbedtls.a
28,4,24,24,0,4,0,28,`1c,threading.c.obj (ex armino/psa_mbedtls/libpsa_mbedtls.a),armino/psa_mbedtls/libpsa_mbedtls.a
10,0,10,10,0,0,0,10,`a,misc.c.obj (ex armino/psa_mbedtls/libpsa_mbedtls.a),armino/psa_mbedtls/libpsa_mbedtls.a
198,0,198,198,0,0,0,198,`c6,dubhe_sram_alloc.c.obj (ex armino/psa_mbedtls/libpsa_mbedtls.a),armino/psa_mbedtls/libpsa_mbedtls.a
84,0,84,40,44,0,0,84,`54,tls_mem.c.obj (ex armino/psa_mbedtls/libpsa_mbedtls.a),armino/psa_mbedtls/libpsa_mbedtls.a
2694,865,2682,2614,68,12,853,3547,`ddb,armino/psa_mbedtls/libpsa_mbedtls.a,armino/psa_mbedtls/libpsa_mbedtls.a
4,0,4,4,0,0,0,4,`4,lite-log.c.obj (ex armino/http/libhttp.a),armino/http/libhttp.a
4,0,4,4,0,0,0,4,`4,armino/http/libhttp.a,armino/http/libhttp.a
878,0,878,664,214,0,0,878,`36e,app_comm.c.obj (ex /home/liyy/work/bk_avdk_smp_v3.1.1.8/bk_avdk_smp/ap/components/bk_libs/bk7258_ap/libs/libbluetooth_host_ble_ap_slave_only.a),/home/liyy/work/bk_avdk_smp_v3.1.1.8/bk_avdk_smp/ap/components/bk_libs/bk7258_ap/libs/libbluetooth_host_ble_ap_slave_only.a
3011,380,3011,2572,439,0,380,3391,`d3f,app_ble.c.obj (ex /home/liyy/work/bk_avdk_smp_v3.1.1.8/bk_avdk_smp/ap/components/bk_libs/bk7258_ap/libs/libbluetooth_host_ble_ap_slave_only.a),/home/liyy/work/bk_avdk_smp_v3.1.1.8/bk_avdk_smp/ap/components/bk_libs/bk7258_ap/libs/libbluetooth_host_ble_ap_slave_only.a
5697,3,5697,4064,1633,0,3,5700,`1644,app_task.c.obj (ex /home/liyy/work/bk_avdk_smp_v3.1.1.8/bk_avdk_smp/ap/components/bk_libs/bk7258_ap/libs/libbluetooth_host_ble_ap_slave_only.a),/home/liyy/work/bk_avdk_smp_v3.1.1.8/bk_avdk_smp/ap/components/bk_libs/bk7258_ap/libs/libbluetooth_host_ble_ap_slave_only.a
1244,1,1244,1048,196,0,1,1245,`4dd,gattc_task.c.obj (ex /home/liyy/work/bk_avdk_smp_v3.1.1.8/bk_avdk_smp/ap/components/bk_libs/bk7258_ap/libs/libbluetooth_host_ble_ap_slave_only.a),/home/liyy/work/bk_avdk_smp_v3.1.1.8/bk_avdk_smp/ap/components/bk_libs/bk7258_ap/libs/libbluetooth_host_ble_ap_slave_only.a
3278,1,3278,2854,424,0,1,3279,`ccf,gapc_task.c.obj (ex /home/liyy/work/bk_avdk_smp_v3.1.1.8/bk_avdk_smp/ap/components/bk_libs/bk7258_ap/libs/libbluetooth_host_ble_ap_slave_only.a),/home/liyy/work/bk_avdk_smp_v3.1.1.8/bk_avdk_smp/ap/components/bk_libs/bk7258_ap/libs/libbluetooth_host_ble_ap_slave_only.a
747,0,747,678,69,0,0,747,`2eb,gapm_addr.c.obj (ex /home/liyy/work/bk_avdk_smp_v3.1.1.8/bk_avdk_smp/ap/components/bk_libs/bk7258_ap/libs/libbluetooth_host_ble_ap_slave_only.a),/home/liyy/work/bk_avdk_smp_v3.1.1.8/bk_avdk_smp/ap/components/bk_libs/bk7258_ap/libs/libbluetooth_host_ble_ap_slave_only.a
444,864,444,444,0,0,864,1308,`51c,prf.c.obj (ex /home/liyy/work/bk_avdk_smp_v3.1.1.8/bk_avdk_smp/ap/components/bk_libs/bk7258_ap/libs/libbluetooth_host_ble_ap_slave_only.a),/home/liyy/work/bk_avdk_smp_v3.1.1.8/bk_avdk_smp/ap/components/bk_libs/bk7258_ap/libs/libbluetooth_host_ble_ap_slave_only.a
361,0,361,268,93,0,0,361,`169,comm.c.obj (ex /home/liyy/work/bk_avdk_smp_v3.1.1.8/bk_avdk_smp/ap/components/bk_libs/bk7258_ap/libs/libbluetooth_host_ble_ap_slave_only.a),/home/liyy/work/bk_avdk_smp_v3.1.1.8/bk_avdk_smp/ap/components/bk_libs/bk7258_ap/libs/libbluetooth_host_ble_ap_slave_only.a
1094,0,1094,1030,64,0,0,1094,`446,comm_task.c.obj (ex /home/liyy/work/bk_avdk_smp_v3.1.1.8/bk_avdk_smp/ap/components/bk_libs/bk7258_ap/libs/libbluetooth_host_ble_ap_slave_only.a),/home/liyy/work/bk_avdk_smp_v3.1.1.8/bk_avdk_smp/ap/components/bk_libs/bk7258_ap/libs/libbluetooth_host_ble_ap_slave_only.a
357,0,357,312,45,0,0,357,`165,ble_ui.c.obj (ex /home/liyy/work/bk_avdk_smp_v3.1.1.8/bk_avdk_smp/ap/components/bk_libs/bk7258_ap/libs/libbluetooth_host_ble_ap_slave_only.a),/home/liyy/work/bk_avdk_smp_v3.1.1.8/bk_avdk_smp/ap/components/bk_libs/bk7258_ap/libs/libbluetooth_host_ble_ap_slave_only.a
1408,80,1408,1132,276,0,80,1488,`5d0,gapm.c.obj (ex /home/liyy/work/bk_avdk_smp_v3.1.1.8/bk_avdk_smp/ap/components/bk_libs/bk7258_ap/libs/libbluetooth_host_ble_ap_slave_only.a),/home/liyy/work/bk_avdk_smp_v3.1.1.8/bk_avdk_smp/ap/components/bk_libs/bk7258_ap/libs/libbluetooth_host_ble_ap_slave_only.a
1545,0,1545,1354,191,0,0,1545,`609,gapm_actv.c.obj (ex /home/liyy/work/bk_avdk_smp_v3.1.1.8/bk_avdk_smp/ap/components/bk_libs/bk7258_ap/libs/libbluetooth_host_ble_ap_slave_only.a),/home/liyy/work/bk_avdk_smp_v3.1.1.8/bk_avdk_smp/ap/components/bk_libs/bk7258_ap/libs/libbluetooth_host_ble_ap_slave_only.a
2434,0,2434,2240,194,0,0,2434,`982,gapm_adv.c.obj (ex /home/liyy/work/bk_avdk_smp_v3.1.1.8/bk_avdk_smp/ap/components/bk_libs/bk7258_ap/libs/libbluetooth_host_ble_ap_slave_only.a),/home/liyy/work/bk_avdk_smp_v3.1.1.8/bk_avdk_smp/ap/components/bk_libs/bk7258_ap/libs/libbluetooth_host_ble_ap_slave_only.a
981,1,981,242,739,0,1,982,`3d6,gapm_task.c.obj (ex /home/liyy/work/bk_avdk_smp_v3.1.1.8/bk_avdk_smp/ap/components/bk_libs/bk7258_ap/libs/libbluetooth_host_ble_ap_slave_only.a),/home/liyy/work/bk_avdk_smp_v3.1.1.8/bk_avdk_smp/ap/components/bk_libs/bk7258_ap/libs/libbluetooth_host_ble_ap_slave_only.a
1582,0,1582,1550,32,0,0,1582,`62e,attm.c.obj (ex /home/liyy/work/bk_avdk_smp_v3.1.1.8/bk_avdk_smp/ap/components/bk_libs/bk7258_ap/libs/libbluetooth_host_ble_ap_slave_only.a),/home/liyy/work/bk_avdk_smp_v3.1.1.8/bk_avdk_smp/ap/components/bk_libs/bk7258_ap/libs/libbluetooth_host_ble_ap_slave_only.a
3048,0,3048,2986,62,0,0,3048,`be8,attm_db.c.obj (ex /home/liyy/work/bk_avdk_smp_v3.1.1.8/bk_avdk_smp/ap/components/bk_libs/bk7258_ap/libs/libbluetooth_host_ble_ap_slave_only.a),/home/liyy/work/bk_avdk_smp_v3.1.1.8/bk_avdk_smp/ap/components/bk_libs/bk7258_ap/libs/libbluetooth_host_ble_ap_slave_only.a
1249,4,1249,1148,101,0,4,1253,`4e5,gattc.c.obj (ex /home/liyy/work/bk_avdk_smp_v3.1.1.8/bk_avdk_smp/ap/components/bk_libs/bk7258_ap/libs/libbluetooth_host_ble_ap_slave_only.a),/home/liyy/work/bk_avdk_smp_v3.1.1.8/bk_avdk_smp/ap/components/bk_libs/bk7258_ap/libs/libbluetooth_host_ble_ap_slave_only.a
724,0,724,724,0,0,0,724,`2d4,gattc_svc.c.obj (ex /home/liyy/work/bk_avdk_smp_v3.1.1.8/bk_avdk_smp/ap/components/bk_libs/bk7258_ap/libs/libbluetooth_host_ble_ap_slave_only.a),/home/liyy/work/bk_avdk_smp_v3.1.1.8/bk_avdk_smp/ap/components/bk_libs/bk7258_ap/libs/libbluetooth_host_ble_ap_slave_only.a
2245,1,2245,2064,181,0,1,2246,`8c6,l2cc_task.c.obj (ex /home/liyy/work/bk_avdk_smp_v3.1.1.8/bk_avdk_smp/ap/components/bk_libs/bk7258_ap/libs/libbluetooth_host_ble_ap_slave_only.a),/home/liyy/work/bk_avdk_smp_v3.1.1.8/bk_avdk_smp/ap/components/bk_libs/bk7258_ap/libs/libbluetooth_host_ble_ap_slave_only.a
11880,0,11880,10720,1160,0,0,11880,`2e68,gapc_smp.c.obj (ex /home/liyy/work/bk_avdk_smp_v3.1.1.8/bk_avdk_smp/ap/components/bk_libs/bk7258_ap/libs/libbluetooth_host_ble_ap_slave_only.a),/home/liyy/work/bk_avdk_smp_v3.1.1.8/bk_avdk_smp/ap/components/bk_libs/bk7258_ap/libs/libbluetooth_host_ble_ap_slave_only.a
310,56,310,182,128,0,56,366,`16e,gattm.c.obj (ex /home/liyy/work/bk_avdk_smp_v3.1.1.8/bk_avdk_smp/ap/components/bk_libs/bk7258_ap/libs/libbluetooth_host_ble_ap_slave_only.a),/home/liyy/work/bk_avdk_smp_v3.1.1.8/bk_avdk_smp/ap/components/bk_libs/bk7258_ap/libs/libbluetooth_host_ble_ap_slave_only.a
166,1,166,138,28,0,1,167,`a7,gattm_task.c.obj (ex /home/liyy/work/bk_avdk_smp_v3.1.1.8/bk_avdk_smp/ap/components/bk_libs/bk7258_ap/libs/libbluetooth_host_ble_ap_slave_only.a),/home/liyy/work/bk_avdk_smp_v3.1.1.8/bk_avdk_smp/ap/components/bk_libs/bk7258_ap/libs/libbluetooth_host_ble_ap_slave_only.a
226,12,226,226,0,0,12,238,`ee,l2cm.c.obj (ex /home/liyy/work/bk_avdk_smp_v3.1.1.8/bk_avdk_smp/ap/components/bk_libs/bk7258_ap/libs/libbluetooth_host_ble_ap_slave_only.a),/home/liyy/work/bk_avdk_smp_v3.1.1.8/bk_avdk_smp/ap/components/bk_libs/bk7258_ap/libs/libbluetooth_host_ble_ap_slave_only.a
1106,17,1106,798,308,0,17,1123,`463,rwble_hl.c.obj (ex /home/liyy/work/bk_avdk_smp_v3.1.1.8/bk_avdk_smp/ap/components/bk_libs/bk7258_ap/libs/libbluetooth_host_ble_ap_slave_only.a),/home/liyy/work/bk_avdk_smp_v3.1.1.8/bk_avdk_smp/ap/components/bk_libs/bk7258_ap/libs/libbluetooth_host_ble_ap_slave_only.a
32,4,28,28,0,4,0,32,`20,hci_driver.c.obj (ex /home/liyy/work/bk_avdk_smp_v3.1.1.8/bk_avdk_smp/ap/components/bk_libs/bk7258_ap/libs/libbluetooth_host_ble_ap_slave_only.a),/home/liyy/work/bk_avdk_smp_v3.1.1.8/bk_avdk_smp/ap/components/bk_libs/bk7258_ap/libs/libbluetooth_host_ble_ap_slave_only.a
332,36,332,248,84,0,36,368,`170,kernel_event.c.obj (ex /home/liyy/work/bk_avdk_smp_v3.1.1.8/bk_avdk_smp/ap/components/bk_libs/bk7258_ap/libs/libbluetooth_host_ble_ap_slave_only.a),/home/liyy/work/bk_avdk_smp_v3.1.1.8/bk_avdk_smp/ap/components/bk_libs/bk7258_ap/libs/libbluetooth_host_ble_ap_slave_only.a
798,0,798,732,66,0,0,798,`31e,kernel_mem.c.obj (ex /home/liyy/work/bk_avdk_smp_v3.1.1.8/bk_avdk_smp/ap/components/bk_libs/bk7258_ap/libs/libbluetooth_host_ble_ap_slave_only.a),/home/liyy/work/bk_avdk_smp_v3.1.1.8/bk_avdk_smp/ap/components/bk_libs/bk7258_ap/libs/libbluetooth_host_ble_ap_slave_only.a
179,0,179,162,17,0,0,179,`b3,kernel_msg.c.obj (ex /home/liyy/work/bk_avdk_smp_v3.1.1.8/bk_avdk_smp/ap/components/bk_libs/bk7258_ap/libs/libbluetooth_host_ble_ap_slave_only.a),/home/liyy/work/bk_avdk_smp_v3.1.1.8/bk_avdk_smp/ap/components/bk_libs/bk7258_ap/libs/libbluetooth_host_ble_ap_slave_only.a
870,168,870,750,120,0,168,1038,`40e,kernel_task.c.obj (ex /home/liyy/work/bk_avdk_smp_v3.1.1.8/bk_avdk_smp/ap/components/bk_libs/bk7258_ap/libs/libbluetooth_host_ble_ap_slave_only.a),/home/liyy/work/bk_avdk_smp_v3.1.1.8/bk_avdk_smp/ap/components/bk_libs/bk7258_ap/libs/libbluetooth_host_ble_ap_slave_only.a
247,0,247,230,17,0,0,247,`f7,kernel_timer.c.obj (ex /home/liyy/work/bk_avdk_smp_v3.1.1.8/bk_avdk_smp/ap/components/bk_libs/bk7258_ap/libs/libbluetooth_host_ble_ap_slave_only.a),/home/liyy/work/bk_avdk_smp_v3.1.1.8/bk_avdk_smp/ap/components/bk_libs/bk7258_ap/libs/libbluetooth_host_ble_ap_slave_only.a
440,12,440,318,122,0,12,452,`1c4,timer.c.obj (ex /home/liyy/work/bk_avdk_smp_v3.1.1.8/bk_avdk_smp/ap/components/bk_libs/bk7258_ap/libs/libbluetooth_host_ble_ap_slave_only.a),/home/liyy/work/bk_avdk_smp_v3.1.1.8/bk_avdk_smp/ap/components/bk_libs/bk7258_ap/libs/libbluetooth_host_ble_ap_slave_only.a
438,8,438,320,118,0,8,446,`1be,bluetooth_osi_wrapper.c.obj (ex /home/liyy/work/bk_avdk_smp_v3.1.1.8/bk_avdk_smp/ap/components/bk_libs/bk7258_ap/libs/libbluetooth_host_ble_ap_slave_only.a),/home/liyy/work/bk_avdk_smp_v3.1.1.8/bk_avdk_smp/ap/components/bk_libs/bk7258_ap/libs/libbluetooth_host_ble_ap_slave_only.a
371,0,371,280,91,0,0,371,`173,common_list.c.obj (ex /home/liyy/work/bk_avdk_smp_v3.1.1.8/bk_avdk_smp/ap/components/bk_libs/bk7258_ap/libs/libbluetooth_host_ble_ap_slave_only.a),/home/liyy/work/bk_avdk_smp_v3.1.1.8/bk_avdk_smp/ap/components/bk_libs/bk7258_ap/libs/libbluetooth_host_ble_ap_slave_only.a
725,20,725,688,37,0,20,745,`2e9,common_time.c.obj (ex /home/liyy/work/bk_avdk_smp_v3.1.1.8/bk_avdk_smp/ap/components/bk_libs/bk7258_ap/libs/libbluetooth_host_ble_ap_slave_only.a),/home/liyy/work/bk_avdk_smp_v3.1.1.8/bk_avdk_smp/ap/components/bk_libs/bk7258_ap/libs/libbluetooth_host_ble_ap_slave_only.a
484,0,484,452,32,0,0,484,`1e4,ble_aes_cmac.c.obj (ex /home/liyy/work/bk_avdk_smp_v3.1.1.8/bk_avdk_smp/ap/components/bk_libs/bk7258_ap/libs/libbluetooth_host_ble_ap_slave_only.a),/home/liyy/work/bk_avdk_smp_v3.1.1.8/bk_avdk_smp/ap/components/bk_libs/bk7258_ap/libs/libbluetooth_host_ble_ap_slave_only.a
241,18,241,196,45,0,18,259,`103,hci.c.obj (ex /home/liyy/work/bk_avdk_smp_v3.1.1.8/bk_avdk_smp/ap/components/bk_libs/bk7258_ap/libs/libbluetooth_host_ble_ap_slave_only.a),/home/liyy/work/bk_avdk_smp_v3.1.1.8/bk_avdk_smp/ap/components/bk_libs/bk7258_ap/libs/libbluetooth_host_ble_ap_slave_only.a
1637,24,1637,1556,81,0,24,1661,`67d,hci_tl.c.obj (ex /home/liyy/work/bk_avdk_smp_v3.1.1.8/bk_avdk_smp/ap/components/bk_libs/bk7258_ap/libs/libbluetooth_host_ble_ap_slave_only.a),/home/liyy/work/bk_avdk_smp_v3.1.1.8/bk_avdk_smp/ap/components/bk_libs/bk7258_ap/libs/libbluetooth_host_ble_ap_slave_only.a
862,48,862,800,62,0,48,910,`38e,h4tl.c.obj (ex /home/liyy/work/bk_avdk_smp_v3.1.1.8/bk_avdk_smp/ap/components/bk_libs/bk7258_ap/libs/libbluetooth_host_ble_ap_slave_only.a),/home/liyy/work/bk_avdk_smp_v3.1.1.8/bk_avdk_smp/ap/components/bk_libs/bk7258_ap/libs/libbluetooth_host_ble_ap_slave_only.a
339,4,339,220,119,0,4,343,`157,uart_host_only.c.obj (ex /home/liyy/work/bk_avdk_smp_v3.1.1.8/bk_avdk_smp/ap/components/bk_libs/bk7258_ap/libs/libbluetooth_host_ble_ap_slave_only.a),/home/liyy/work/bk_avdk_smp_v3.1.1.8/bk_avdk_smp/ap/components/bk_libs/bk7258_ap/libs/libbluetooth_host_ble_ap_slave_only.a
238,9553,238,238,0,0,9553,9791,`263f,rwip.c.obj (ex /home/liyy/work/bk_avdk_smp_v3.1.1.8/bk_avdk_smp/ap/components/bk_libs/bk7258_ap/libs/libbluetooth_host_ble_ap_slave_only.a),/home/liyy/work/bk_avdk_smp_v3.1.1.8/bk_avdk_smp/ap/components/bk_libs/bk7258_ap/libs/libbluetooth_host_ble_ap_slave_only.a
152,28,152,152,0,0,28,180,`b4,rwip_driver.c.obj (ex /home/liyy/work/bk_avdk_smp_v3.1.1.8/bk_avdk_smp/ap/components/bk_libs/bk7258_ap/libs/libbluetooth_host_ble_ap_slave_only.a),/home/liyy/work/bk_avdk_smp_v3.1.1.8/bk_avdk_smp/ap/components/bk_libs/bk7258_ap/libs/libbluetooth_host_ble_ap_slave_only.a
2165,0,2165,1904,261,0,0,2165,`875,app_sec.c.obj (ex /home/liyy/work/bk_avdk_smp_v3.1.1.8/bk_avdk_smp/ap/components/bk_libs/bk7258_ap/libs/libbluetooth_host_ble_ap_slave_only.a),/home/liyy/work/bk_avdk_smp_v3.1.1.8/bk_avdk_smp/ap/components/bk_libs/bk7258_ap/libs/libbluetooth_host_ble_ap_slave_only.a
1714,4,1714,1598,116,0,4,1718,`6b6,gapc.c.obj (ex /home/liyy/work/bk_avdk_smp_v3.1.1.8/bk_avdk_smp/ap/components/bk_libs/bk7258_ap/libs/libbluetooth_host_ble_ap_slave_only.a),/home/liyy/work/bk_avdk_smp_v3.1.1.8/bk_avdk_smp/ap/components/bk_libs/bk7258_ap/libs/libbluetooth_host_ble_ap_slave_only.a
3899,0,3899,3652,247,0,0,3899,`f3b,gapm_cfg.c.obj (ex /home/liyy/work/bk_avdk_smp_v3.1.1.8/bk_avdk_smp/ap/components/bk_libs/bk7258_ap/libs/libbluetooth_host_ble_ap_slave_only.a),/home/liyy/work/bk_avdk_smp_v3.1.1.8/bk_avdk_smp/ap/components/bk_libs/bk7258_ap/libs/libbluetooth_host_ble_ap_slave_only.a
1021,0,1021,962,59,0,0,1021,`3fd,gapm_list.c.obj (ex /home/liyy/work/bk_avdk_smp_v3.1.1.8/bk_avdk_smp/ap/components/bk_libs/bk7258_ap/libs/libbluetooth_host_ble_ap_slave_only.a),/home/liyy/work/bk_avdk_smp_v3.1.1.8/bk_avdk_smp/ap/components/bk_libs/bk7258_ap/libs/libbluetooth_host_ble_ap_slave_only.a
1277,0,1277,1198,79,0,0,1277,`4fd,gapm_smp.c.obj (ex /home/liyy/work/bk_avdk_smp_v3.1.1.8/bk_avdk_smp/ap/components/bk_libs/bk7258_ap/libs/libbluetooth_host_ble_ap_slave_only.a),/home/liyy/work/bk_avdk_smp_v3.1.1.8/bk_avdk_smp/ap/components/bk_libs/bk7258_ap/libs/libbluetooth_host_ble_ap_slave_only.a
84,0,84,84,0,0,0,84,`54,attc.c.obj (ex /home/liyy/work/bk_avdk_smp_v3.1.1.8/bk_avdk_smp/ap/components/bk_libs/bk7258_ap/libs/libbluetooth_host_ble_ap_slave_only.a),/home/liyy/work/bk_avdk_smp_v3.1.1.8/bk_avdk_smp/ap/components/bk_libs/bk7258_ap/libs/libbluetooth_host_ble_ap_slave_only.a
5200,0,5200,4958,242,0,0,5200,`1450,atts.c.obj (ex /home/liyy/work/bk_avdk_smp_v3.1.1.8/bk_avdk_smp/ap/components/bk_libs/bk7258_ap/libs/libbluetooth_host_ble_ap_slave_only.a),/home/liyy/work/bk_avdk_smp_v3.1.1.8/bk_avdk_smp/ap/components/bk_libs/bk7258_ap/libs/libbluetooth_host_ble_ap_slave_only.a
1499,4,1499,1394,105,0,4,1503,`5df,l2cc.c.obj (ex /home/liyy/work/bk_avdk_smp_v3.1.1.8/bk_avdk_smp/ap/components/bk_libs/bk7258_ap/libs/libbluetooth_host_ble_ap_slave_only.a),/home/liyy/work/bk_avdk_smp_v3.1.1.8/bk_avdk_smp/ap/components/bk_libs/bk7258_ap/libs/libbluetooth_host_ble_ap_slave_only.a
626,0,626,626,0,0,0,626,`272,l2cc_lecb.c.obj (ex /home/liyy/work/bk_avdk_smp_v3.1.1.8/bk_avdk_smp/ap/components/bk_libs/bk7258_ap/libs/libbluetooth_host_ble_ap_slave_only.a),/home/liyy/work/bk_avdk_smp_v3.1.1.8/bk_avdk_smp/ap/components/bk_libs/bk7258_ap/libs/libbluetooth_host_ble_ap_slave_only.a
2709,0,2709,2364,345,0,0,2709,`a95,l2cc_pdu.c.obj (ex /home/liyy/work/bk_avdk_smp_v3.1.1.8/bk_avdk_smp/ap/components/bk_libs/bk7258_ap/libs/libbluetooth_host_ble_ap_slave_only.a),/home/liyy/work/bk_avdk_smp_v3.1.1.8/bk_avdk_smp/ap/components/bk_libs/bk7258_ap/libs/libbluetooth_host_ble_ap_slave_only.a
1437,0,1437,1318,119,0,0,1437,`59d,l2cc_sig.c.obj (ex /home/liyy/work/bk_avdk_smp_v3.1.1.8/bk_avdk_smp/ap/components/bk_libs/bk7258_ap/libs/libbluetooth_host_ble_ap_slave_only.a),/home/liyy/work/bk_avdk_smp_v3.1.1.8/bk_avdk_smp/ap/components/bk_libs/bk7258_ap/libs/libbluetooth_host_ble_ap_slave_only.a
187,0,187,184,3,0,0,187,`bb,gapc_sig.c.obj (ex /home/liyy/work/bk_avdk_smp_v3.1.1.8/bk_avdk_smp/ap/components/bk_libs/bk7258_ap/libs/libbluetooth_host_ble_ap_slave_only.a),/home/liyy/work/bk_avdk_smp_v3.1.1.8/bk_avdk_smp/ap/components/bk_libs/bk7258_ap/libs/libbluetooth_host_ble_ap_slave_only.a
96,48,96,96,0,0,48,144,`90,kernel.c.obj (ex /home/liyy/work/bk_avdk_smp_v3.1.1.8/bk_avdk_smp/ap/components/bk_libs/bk7258_ap/libs/libbluetooth_host_ble_ap_slave_only.a),/home/liyy/work/bk_avdk_smp_v3.1.1.8/bk_avdk_smp/ap/components/bk_libs/bk7258_ap/libs/libbluetooth_host_ble_ap_slave_only.a
58,0,58,58,0,0,0,58,`3a,kernel_queue.c.obj (ex /home/liyy/work/bk_avdk_smp_v3.1.1.8/bk_avdk_smp/ap/components/bk_libs/bk7258_ap/libs/libbluetooth_host_ble_ap_slave_only.a),/home/liyy/work/bk_avdk_smp_v3.1.1.8/bk_avdk_smp/ap/components/bk_libs/bk7258_ap/libs/libbluetooth_host_ble_ap_slave_only.a
288,24,288,260,28,0,24,312,`138,common_djob.c.obj (ex /home/liyy/work/bk_avdk_smp_v3.1.1.8/bk_avdk_smp/ap/components/bk_libs/bk7258_ap/libs/libbluetooth_host_ble_ap_slave_only.a),/home/liyy/work/bk_avdk_smp_v3.1.1.8/bk_avdk_smp/ap/components/bk_libs/bk7258_ap/libs/libbluetooth_host_ble_ap_slave_only.a
1283,6,1277,1218,59,6,0,1283,`503,common_utils.c.obj (ex /home/liyy/work/bk_avdk_smp_v3.1.1.8/bk_avdk_smp/ap/components/bk_libs/bk7258_ap/libs/libbluetooth_host_ble_ap_slave_only.a),/home/liyy/work/bk_avdk_smp_v3.1.1.8/bk_avdk_smp/ap/components/bk_libs/bk7258_ap/libs/libbluetooth_host_ble_ap_slave_only.a
380,12,380,380,0,0,12,392,`188,ble_aes.c.obj (ex /home/liyy/work/bk_avdk_smp_v3.1.1.8/bk_avdk_smp/ap/components/bk_libs/bk7258_ap/libs/libbluetooth_host_ble_ap_slave_only.a),/home/liyy/work/bk_avdk_smp_v3.1.1.8/bk_avdk_smp/ap/components/bk_libs/bk7258_ap/libs/libbluetooth_host_ble_ap_slave_only.a
134,0,134,134,0,0,0,134,`86,ble_aes_c1.c.obj (ex /home/liyy/work/bk_avdk_smp_v3.1.1.8/bk_avdk_smp/ap/components/bk_libs/bk7258_ap/libs/libbluetooth_host_ble_ap_slave_only.a),/home/liyy/work/bk_avdk_smp_v3.1.1.8/bk_avdk_smp/ap/components/bk_libs/bk7258_ap/libs/libbluetooth_host_ble_ap_slave_only.a
96,0,96,96,0,0,0,96,`60,ble_aes_f4.c.obj (ex /home/liyy/work/bk_avdk_smp_v3.1.1.8/bk_avdk_smp/ap/components/bk_libs/bk7258_ap/libs/libbluetooth_host_ble_ap_slave_only.a),/home/liyy/work/bk_avdk_smp_v3.1.1.8/bk_avdk_smp/ap/components/bk_libs/bk7258_ap/libs/libbluetooth_host_ble_ap_slave_only.a
355,0,355,334,21,0,0,355,`163,ble_aes_f5.c.obj (ex /home/liyy/work/bk_avdk_smp_v3.1.1.8/bk_avdk_smp/ap/components/bk_libs/bk7258_ap/libs/libbluetooth_host_ble_ap_slave_only.a),/home/liyy/work/bk_avdk_smp_v3.1.1.8/bk_avdk_smp/ap/components/bk_libs/bk7258_ap/libs/libbluetooth_host_ble_ap_slave_only.a
168,0,168,168,0,0,0,168,`a8,ble_aes_f6.c.obj (ex /home/liyy/work/bk_avdk_smp_v3.1.1.8/bk_avdk_smp/ap/components/bk_libs/bk7258_ap/libs/libbluetooth_host_ble_ap_slave_only.a),/home/liyy/work/bk_avdk_smp_v3.1.1.8/bk_avdk_smp/ap/components/bk_libs/bk7258_ap/libs/libbluetooth_host_ble_ap_slave_only.a
112,0,112,112,0,0,0,112,`70,ble_aes_g2.c.obj (ex /home/liyy/work/bk_avdk_smp_v3.1.1.8/bk_avdk_smp/ap/components/bk_libs/bk7258_ap/libs/libbluetooth_host_ble_ap_slave_only.a),/home/liyy/work/bk_avdk_smp_v3.1.1.8/bk_avdk_smp/ap/components/bk_libs/bk7258_ap/libs/libbluetooth_host_ble_ap_slave_only.a
248,0,248,248,0,0,0,248,`f8,ble_aes_rpa.c.obj (ex /home/liyy/work/bk_avdk_smp_v3.1.1.8/bk_avdk_smp/ap/components/bk_libs/bk7258_ap/libs/libbluetooth_host_ble_ap_slave_only.a),/home/liyy/work/bk_avdk_smp_v3.1.1.8/bk_avdk_smp/ap/components/bk_libs/bk7258_ap/libs/libbluetooth_host_ble_ap_slave_only.a
2304,0,2304,728,1576,0,0,2304,`900,hci_msg.c.obj (ex /home/liyy/work/bk_avdk_smp_v3.1.1.8/bk_avdk_smp/ap/components/bk_libs/bk7258_ap/libs/libbluetooth_host_ble_ap_slave_only.a),/home/liyy/work/bk_avdk_smp_v3.1.1.8/bk_avdk_smp/ap/components/bk_libs/bk7258_ap/libs/libbluetooth_host_ble_ap_slave_only.a
1902,0,1902,1686,216,0,0,1902,`76e,gapc_hci.c.obj (ex /home/liyy/work/bk_avdk_smp_v3.1.1.8/bk_avdk_smp/ap/components/bk_libs/bk7258_ap/libs/libbluetooth_host_ble_ap_slave_only.a),/home/liyy/work/bk_avdk_smp_v3.1.1.8/bk_avdk_smp/ap/components/bk_libs/bk7258_ap/libs/libbluetooth_host_ble_ap_slave_only.a
83642,11442,83632,72568,11064,10,11432,95074,`17362,/home/liyy/work/bk_avdk_smp_v3.1.1.8/bk_avdk_smp/ap/components/bk_libs/bk7258_ap/libs/libbluetooth_host_ble_ap_slave_only.a,/home/liyy/work/bk_avdk_smp_v3.1.1.8/bk_avdk_smp/ap/components/bk_libs/bk7258_ap/libs/libbluetooth_host_ble_ap_slave_only.a
20,4,20,20,0,0,4,24,`18,audio_osi.c.obj (ex /home/liyy/work/bk_avdk_smp_v3.1.1.8/bk_avdk_smp/ap/components/bk_libs/bk7258_ap/libs/libaudio_osi.a),/home/liyy/work/bk_avdk_smp_v3.1.1.8/bk_avdk_smp/ap/components/bk_libs/bk7258_ap/libs/libaudio_osi.a
20,4,20,20,0,0,4,24,`18,/home/liyy/work/bk_avdk_smp_v3.1.1.8/bk_avdk_smp/ap/components/bk_libs/bk7258_ap/libs/libaudio_osi.a,/home/liyy/work/bk_avdk_smp_v3.1.1.8/bk_avdk_smp/ap/components/bk_libs/bk7258_ap/libs/libaudio_osi.a
32,4,32,32,0,0,4,36,`24,video_osi.c.obj (ex /home/liyy/work/bk_avdk_smp_v3.1.1.8/bk_avdk_smp/ap/components/bk_libs/bk7258_ap/libs/libvideo_osi.a),/home/liyy/work/bk_avdk_smp_v3.1.1.8/bk_avdk_smp/ap/components/bk_libs/bk7258_ap/libs/libvideo_osi.a
32,4,32,32,0,0,4,36,`24,/home/liyy/work/bk_avdk_smp_v3.1.1.8/bk_avdk_smp/ap/components/bk_libs/bk7258_ap/libs/libvideo_osi.a,/home/liyy/work/bk_avdk_smp_v3.1.1.8/bk_avdk_smp/ap/components/bk_libs/bk7258_ap/libs/libvideo_osi.a
16,0,16,16,0,0,0,16,`10,gettod.o (ex /opt/gcc-arm-none-eabi-10.3-2021.10/bin/../lib/gcc/arm-none-eabi/10.3.1/../../../../arm-none-eabi/lib/thumb/v8-m.main+fp/hard/libnosys.a),/opt/gcc-arm-none-eabi-10.3-2021.10/bin/../lib/gcc/arm-none-eabi/10.3.1/../../../../arm-none-eabi/lib/thumb/v8-m.main+fp/hard/libnosys.a
16,0,16,16,0,0,0,16,`10,/opt/gcc-arm-none-eabi-10.3-2021.10/bin/../lib/gcc/arm-none-eabi/10.3.1/../../../../arm-none-eabi/lib/thumb/v8-m.main+fp/hard/libnosys.a,/opt/gcc-arm-none-eabi-10.3-2021.10/bin/../lib/gcc/arm-none-eabi/10.3.1/../../../../arm-none-eabi/lib/thumb/v8-m.main+fp/hard/libnosys.a
5914,0,5914,4394,1520,0,0,5914,`171a,audio_element.c.obj (ex armino/audio_pipeline/libaudio_pipeline.a),armino/audio_pipeline/libaudio_pipeline.a
1294,0,1294,1030,264,0,0,1294,`50e,audio_event_iface.c.obj (ex armino/audio_pipeline/libaudio_pipeline.a),armino/audio_pipeline/libaudio_pipeline.a
2027,4,2027,1636,391,0,4,2031,`7ef,audio_pipeline.c.obj (ex armino/audio_pipeline/libaudio_pipeline.a),armino/audio_pipeline/libaudio_pipeline.a
1052,0,1052,942,110,0,0,1052,`41c,ringbuf.c.obj (ex armino/audio_pipeline/libaudio_pipeline.a),armino/audio_pipeline/libaudio_pipeline.a
286,0,286,196,90,0,0,286,`11e,audio_mem.c.obj (ex armino/audio_pipeline/libaudio_pipeline.a),armino/audio_pipeline/libaudio_pipeline.a
4,0,4,4,0,0,0,4,`4,audio_thread.c.obj (ex armino/audio_pipeline/libaudio_pipeline.a),armino/audio_pipeline/libaudio_pipeline.a
1228,0,1228,936,292,0,0,1228,`4cc,audio_port.c.obj (ex armino/audio_pipeline/libaudio_pipeline.a),armino/audio_pipeline/libaudio_pipeline.a
833,0,833,576,257,0,0,833,`341,cb_port.c.obj (ex armino/audio_pipeline/libaudio_pipeline.a),armino/audio_pipeline/libaudio_pipeline.a
1895,0,1895,1352,543,0,0,1895,`767,rb_port.c.obj (ex armino/audio_pipeline/libaudio_pipeline.a),armino/audio_pipeline/libaudio_pipeline.a
2183,0,2183,1508,675,0,0,2183,`887,fb_port.c.obj (ex armino/audio_pipeline/libaudio_pipeline.a),armino/audio_pipeline/libaudio_pipeline.a
1507,0,1507,1384,123,0,0,1507,`5e3,framebuf.c.obj (ex armino/audio_pipeline/libaudio_pipeline.a),armino/audio_pipeline/libaudio_pipeline.a
18223,4,18223,13958,4265,0,4,18227,`4733,armino/audio_pipeline/libaudio_pipeline.a,armino/audio_pipeline/libaudio_pipeline.a
608,0,608,388,220,0,0,608,`260,uart_util.c.obj (ex armino/audio_utils/libaudio_utils.a),armino/audio_utils/libaudio_utils.a
1992,0,1992,1176,816,0,0,1992,`7c8,count_util.c.obj (ex armino/audio_utils/libaudio_utils.a),armino/audio_utils/libaudio_utils.a
988,0,988,540,448,0,0,988,`3dc,debug_dump_cli.c.obj (ex armino/audio_utils/libaudio_utils.a),armino/audio_utils/libaudio_utils.a
317,318,9,0,9,308,10,327,`147,debug_dump_util.c.obj (ex armino/audio_utils/libaudio_utils.a),armino/audio_utils/libaudio_utils.a
3905,318,3597,2104,1493,308,10,3915,`f4b,armino/audio_utils/libaudio_utils.a,armino/audio_utils/libaudio_utils.a
760,0,760,602,158,0,0,760,`2f8,g711_decoder.c.obj (ex armino/g711_decoder/libg711_decoder.a),armino/g711_decoder/libg711_decoder.a
760,0,760,602,158,0,0,760,`2f8,armino/g711_decoder/libg711_decoder.a,armino/g711_decoder/libg711_decoder.a
760,0,760,602,158,0,0,760,`2f8,g711_encoder.c.obj (ex armino/g711_encoder/libg711_encoder.a),armino/g711_encoder/libg711_encoder.a
760,0,760,602,158,0,0,760,`2f8,armino/g711_encoder/libg711_encoder.a,armino/g711_encoder/libg711_encoder.a
518,88,518,380,138,0,88,606,`25e,raw_stream.c.obj (ex armino/raw_stream/libraw_stream.a),armino/raw_stream/libraw_stream.a
518,88,518,380,138,0,88,606,`25e,armino/raw_stream/libraw_stream.a,armino/raw_stream/libraw_stream.a
5176,44,5176,3176,2000,0,44,5220,`1464,uac_mic_stream.c.obj (ex armino/uac_mic_stream/libuac_mic_stream.a),armino/uac_mic_stream/libuac_mic_stream.a
5176,44,5176,3176,2000,0,44,5220,`1464,armino/uac_mic_stream/libuac_mic_stream.a,armino/uac_mic_stream/libuac_mic_stream.a
5675,44,5675,3572,2103,0,44,5719,`1657,uac_speaker_stream.c.obj (ex armino/uac_speaker_stream/libuac_speaker_stream.a),armino/uac_speaker_stream/libuac_speaker_stream.a
5675,44,5675,3572,2103,0,44,5719,`1657,armino/uac_speaker_stream/libuac_speaker_stream.a,armino/uac_speaker_stream/libuac_speaker_stream.a
6739,4,6739,5260,1479,0,4,6743,`1a57,bk_dvp.c.obj (ex armino/bk_dvp/libbk_dvp.a),armino/bk_dvp/libbk_dvp.a
86,0,86,86,0,0,0,86,`56,dvp_common.c.obj (ex armino/bk_dvp/libbk_dvp.a),armino/bk_dvp/libbk_dvp.a
6825,4,6825,5346,1479,0,4,6829,`1aad,armino/bk_dvp/libbk_dvp.a,armino/bk_dvp/libbk_dvp.a
805,0,805,424,381,0,0,805,`325,bk_jpeg_decode_sw.c.obj (ex armino/bk_jpeg_decoder/libbk_jpeg_decoder.a),armino/bk_jpeg_decoder/libbk_jpeg_decoder.a
4569,0,4569,2912,1657,0,0,4569,`11d9,bk_sw_jpeg_decode_on_multi_core_ctlr.c.obj (ex armino/bk_jpeg_decoder/libbk_jpeg_decoder.a),armino/bk_jpeg_decoder/libbk_jpeg_decoder.a
2993,0,2993,2052,941,0,0,2993,`bb1,sw_jpeg_decode_dual_core.c.obj (ex armino/bk_jpeg_decoder/libbk_jpeg_decoder.a),armino/bk_jpeg_decoder/libbk_jpeg_decoder.a
198,0,198,198,0,0,0,198,`c6,jpeg_decode_utils.c.obj (ex armino/bk_jpeg_decoder/libbk_jpeg_decoder.a),armino/bk_jpeg_decoder/libbk_jpeg_decoder.a
14941,13188,1869,1208,661,13072,116,15057,`3ad1,sw_jpeg_decode_cp1.c.obj (ex armino/bk_jpeg_decoder/libbk_jpeg_decoder.a),armino/bk_jpeg_decoder/libbk_jpeg_decoder.a
14941,13188,1869,1208,661,13072,116,15057,`3ad1,sw_jpeg_decode_cp2.c.obj (ex armino/bk_jpeg_decoder/libbk_jpeg_decoder.a),armino/bk_jpeg_decoder/libbk_jpeg_decoder.a
38447,26376,12303,8002,4301,26144,232,38679,`9717,armino/bk_jpeg_decoder/libbk_jpeg_decoder.a,armino/bk_jpeg_decoder/libbk_jpeg_decoder.a
8478,28,8478,6206,2272,0,28,8506,`213a,bk_uvc.c.obj (ex armino/bk_uvc/libbk_uvc.a),armino/bk_uvc/libbk_uvc.a
1366,32,1366,1024,342,0,32,1398,`576,uvc_urb_list.c.obj (ex armino/bk_uvc/libbk_uvc.a),armino/bk_uvc/libbk_uvc.a
666,0,666,548,118,0,0,666,`29a,uvc_stream_list.c.obj (ex armino/bk_uvc/libbk_uvc.a),armino/bk_uvc/libbk_uvc.a
10510,60,10510,7778,2732,0,60,10570,`294a,armino/bk_uvc/libbk_uvc.a,armino/bk_uvc/libbk_uvc.a
4885,0,4885,4076,809,0,0,4885,`1315,jdev.c.obj (ex /home/liyy/work/bk_avdk_smp_v3.1.1.8/bk_avdk_smp/ap/components/bk_libs/bk7258_ap/libs/libtjpg_sram.a),/home/liyy/work/bk_avdk_smp_v3.1.1.8/bk_avdk_smp/ap/components/bk_libs/bk7258_ap/libs/libtjpg_sram.a
13352,0,13352,13160,192,0,0,13352,`3428,tjpgd.c.obj (ex /home/liyy/work/bk_avdk_smp_v3.1.1.8/bk_avdk_smp/ap/components/bk_libs/bk7258_ap/libs/libtjpg_sram.a),/home/liyy/work/bk_avdk_smp_v3.1.1.8/bk_avdk_smp/ap/components/bk_libs/bk7258_ap/libs/libtjpg_sram.a
18237,0,18237,17236,1001,0,0,18237,`473d,/home/liyy/work/bk_avdk_smp_v3.1.1.8/bk_avdk_smp/ap/components/bk_libs/bk7258_ap/libs/libtjpg_sram.a,/home/liyy/work/bk_avdk_smp_v3.1.1.8/bk_avdk_smp/ap/components/bk_libs/bk7258_ap/libs/libtjpg_sram.a
608,0,608,608,0,0,0,608,`260,image_scale.c.obj (ex /home/liyy/work/bk_avdk_smp_v3.1.1.8/bk_avdk_smp/ap/components/bk_libs/bk7258_ap/libs/libscale_sram.a),/home/liyy/work/bk_avdk_smp_v3.1.1.8/bk_avdk_smp/ap/components/bk_libs/bk7258_ap/libs/libscale_sram.a
608,0,608,608,0,0,0,608,`260,/home/liyy/work/bk_avdk_smp_v3.1.1.8/bk_avdk_smp/ap/components/bk_libs/bk7258_ap/libs/libscale_sram.a,/home/liyy/work/bk_avdk_smp_v3.1.1.8/bk_avdk_smp/ap/components/bk_libs/bk7258_ap/libs/libscale_sram.a
244,32,212,212,0,32,0,244,`f4,g711.c.obj (ex /home/liyy/work/bk_avdk_smp_v3.1.1.8/bk_avdk_smp/ap/components/bk_libs/bk7258_ap/libs/libg711.a),/home/liyy/work/bk_avdk_smp_v3.1.1.8/bk_avdk_smp/ap/components/bk_libs/bk7258_ap/libs/libg711.a
244,32,212,212,0,32,0,244,`f4,/home/liyy/work/bk_avdk_smp_v3.1.1.8/bk_avdk_smp/ap/components/bk_libs/bk7258_ap/libs/libg711.a,/home/liyy/work/bk_avdk_smp_v3.1.1.8/bk_avdk_smp/ap/components/bk_libs/bk7258_ap/libs/libg711.a
